horizon,end_date,n_obs,ql_har,ql_harx,delta_ql,delta_ql_e4
6m,1997-07-29,500,0.00029842755380820007,0.00029845329087387957,2.5737065679500536e-08,0.00025737065679500536
6m,1997-08-28,521,0.00030194783449364823,0.00029800748250100804,-3.940351992640187e-06,-0.03940351992640188
6m,1997-09-26,542,0.0003062835843043565,0.00029828537441975515,-7.998209884601344e-06,-0.07998209884601344
6m,1997-10-27,563,0.00030909850524607203,0.00029683628472324544,-1.2262220522826588e-05,-0.12262220522826588
6m,1997-11-25,584,0.00031168307755342765,0.0002954358801999109,-1.624719735351677e-05,-0.1624719735351677
6m,1997-12-24,605,0.0003132968814401989,0.000293377277972588,-1.991960346761092e-05,-0.19919603467610922
6m,1998-01-28,626,0.00031566114251273074,0.0002922609892016229,-2.3400153311107868e-05,-0.23400153311107869
6m,1998-02-26,647,0.0003183546111522329,0.00029207771296478635,-2.6276898187446555e-05,-0.26276898187446557
6m,1998-03-27,668,0.00032047776273189354,0.00029240972171199365,-2.8068041019899896e-05,-0.280680410198999
6m,1998-04-29,689,0.00032372282230538885,0.00029465370865852447,-2.9069113646864383e-05,-0.2906911364686438
6m,1998-06-01,710,0.0003269783837200008,0.0002974037560032438,-2.9574627716756976e-05,-0.29574627716756974
6m,1998-06-30,731,0.00033067196947414234,0.000301722347481412,-2.8949621992730335e-05,-0.28949621992730334
6m,1998-07-29,752,0.0003331379680548504,0.0003056344679101557,-2.7503500144694713e-05,-0.27503500144694715
6m,1998-08-27,773,0.00033493571759371315,0.00030917558595607475,-2.5760131637638396e-05,-0.25760131637638395
6m,1998-09-28,794,0.00033601521327787187,0.0003119370719804442,-2.4078141297427665e-05,-0.24078141297427666
6m,1998-10-27,815,0.0003361190880868684,0.0003138959327622233,-2.2223155324645053e-05,-0.22223155324645052
6m,1998-11-25,836,0.0003336695221140732,0.00031333769167291183,-2.0331830441161372e-05,-0.20331830441161372
6m,1998-12-24,857,0.00032767499846556166,0.0003094313177160948,-1.824368074946687e-05,-0.1824368074946687
6m,1999-01-28,878,0.0003220329185468736,0.0003058072285935034,-1.622568995337018e-05,-0.16225689953370181
6m,1999-02-26,899,0.00031620649009713326,0.0003001236798730359,-1.608281022409734e-05,-0.1608281022409734
6m,1999-03-29,920,0.0003170599907533322,0.0003014842045148452,-1.5575786238487008e-05,-0.15575786238487008
6m,1999-04-29,941,0.0003182415635252874,0.00030312799294032066,-1.5113570584966728e-05,-0.1511357058496673
6m,1999-06-01,962,0.0003134962902869318,0.0002987166617409081,-1.4779628546023689e-05,-0.14779628546023688
6m,1999-06-30,983,0.00031058909310586634,0.0002961319244989387,-1.4457168606927628e-05,-0.14457168606927628
6m,1999-07-29,1004,0.00030570055597853914,0.0002916692131709036,-1.4031342807635538e-05,-0.14031342807635538
6m,1999-08-27,1025,0.0003004972013345521,0.00028691875966219805,-1.3578441672354056e-05,-0.13578441672354055
6m,1999-09-27,1046,0.00029561368118433823,0.00028222824152855793,-1.3385439655780296e-05,-0.13385439655780296
6m,1999-10-26,1067,0.0002903631544279895,0.00027769187300823503,-1.2671281419754485e-05,-0.12671281419754485
6m,1999-11-24,1088,0.000285860423968443,0.0002733654574631846,-1.2494966505258414e-05,-0.12494966505258415
6m,1999-12-23,1109,0.00028220008147797424,0.0002706044549539681,-1.1595626524006164e-05,-0.11595626524006164
6m,2000-01-27,1130,0.00027798593929163825,0.00026728360307209595,-1.07023362195423e-05,-0.107023362195423
6m,2000-02-25,1151,0.00027495797834101025,0.0002630926391184276,-1.186533922258265e-05,-0.1186533922258265
6m,2000-03-27,1172,0.00027189355751449745,0.0002606192234734678,-1.1274334041029674e-05,-0.11274334041029674
6m,2000-04-27,1193,0.00027168596271470393,0.00026077450762325075,-1.0911455091453187e-05,-0.10911455091453187
6m,2000-05-30,1214,0.00027033712821845777,0.0002598536302277622,-1.0483497990695543e-05,-0.10483497990695544
6m,2000-06-28,1235,0.0002695139134031214,0.00025939817760771373,-1.011573579540767e-05,-0.1011573579540767
6m,2000-07-27,1256,0.0002682062348002924,0.0002583286235789772,-9.877611221315193e-06,-0.09877611221315193
6m,2000-08-25,1277,0.0002655242350129442,0.00025584794306528474,-9.676291947659482e-06,-0.09676291947659482
6m,2000-09-26,1298,0.00026270170811797566,0.0002527829974668206,-9.918710651155038e-06,-0.09918710651155038
6m,2000-10-25,1319,0.0002615705976762232,0.00025148450121391505,-1.0086096462308164e-05,-0.10086096462308164
6m,2000-11-23,1340,0.0002779484788054385,0.0002652751644605791,-1.2673314344859433e-05,-0.12673314344859432
6m,2000-12-22,1361,0.00032445118651354616,0.00030236686251074684,-2.2084324002799322e-05,-0.22084324002799322
6m,2001-01-25,1382,0.00035030750875818684,0.00032864563523496806,-2.1661873523218787e-05,-0.21661873523218786
6m,2001-02-23,1403,0.0003459061369573538,0.0003284849781128597,-1.742115884449414e-05,-0.1742115884449414
6m,2001-03-26,1424,0.0003418159492271087,0.0003252238792081199,-1.659207001898877e-05,-0.1659207001898877
6m,2001-04-26,1445,0.00033804956088348364,0.000320954082345759,-1.709547853772465e-05,-0.17095478537724648
6m,2001-05-28,1466,0.0003341202718776418,0.000318761379825614,-1.5358892052027824e-05,-0.15358892052027825
6m,2001-06-26,1487,0.0003302651105575535,0.00031462613065132155,-1.563897990623195e-05,-0.1563897990623195
6m,2001-07-25,1508,0.00032629039826902867,0.0003115864946692865,-1.4703903599742147e-05,-0.14703903599742146
6m,2001-08-23,1529,0.0003223018006487154,0.0003082535850132837,-1.4048215635431669e-05,-0.14048215635431668
6m,2001-09-24,1550,0.0003185992658701326,0.0003045962337070516,-1.4003032163080963e-05,-0.14003032163080964
6m,2001-10-23,1571,0.0003158459051979696,0.0003018031974789383,-1.40427077190313e-05,-0.140427077190313
6m,2001-11-21,1592,0.0003136733645964091,0.0002996863883487106,-1.3986976247698524e-05,-0.13986976247698524
6m,2001-12-20,1613,0.00031263760795006827,0.00029865311179209665,-1.3984496157971621e-05,-0.1398449615797162
6m,2002-01-25,1634,0.0003119226013536933,0.00029794785190977706,-1.3974749443916253e-05,-0.13974749443916254
6m,2002-02-25,1655,0.00031113407840392015,0.0002971600569686211,-1.397402143529905e-05,-0.1397402143529905
6m,2002-03-26,1676,0.0003102575455947944,0.00029638200983986686,-1.3875535754927562e-05,-0.13875535754927562
6m,2002-04-26,1697,0.0003091115025460426,0.0002953307175036064,-1.3780785042436189e-05,-0.1378078504243619
6m,2002-05-27,1718,0.00030691415859422926,0.00029315717910261463,-1.3756979491614629e-05,-0.1375697949161463
6m,2002-06-25,1739,0.00030398236415823124,0.0002901287142199453,-1.3853649938285948e-05,-0.13853649938285947
6m,2002-07-24,1760,0.000300835659103843,0.0002873982255843513,-1.3437433519491722e-05,-0.1343743351949172
6m,2002-08-22,1781,0.00029796098592197915,0.00028529163787588787,-1.266934804609128e-05,-0.1266934804609128
6m,2002-09-20,1802,0.0003048809186795388,0.0003017486098445775,-3.1323088349612766e-06,-0.03132308834961277
6m,2002-10-21,1823,0.0003157540108000681,0.0003258601522193809,1.0106141419312798e-05,0.10106141419312799
6m,2002-11-19,1844,0.0003126293507660538,0.0003464138612046098,3.378451043855598e-05,0.3378451043855598
6m,2002-12-18,1865,0.00031375987481062443,0.0003887633561005096,7.50034812898852e-05,0.750034812898852
6m,2003-01-21,1886,0.00032464639533470686,0.0004245901986203757,9.994380328566885e-05,0.9994380328566884
6m,2003-02-19,1907,0.0003370400617178196,0.00045233223895477573,0.00011529217723695614,1.1529217723695615
6m,2003-03-20,1928,0.00033792933760178236,0.00046646033674865194,0.0001285309991468696,1.2853099914686958
6m,2003-04-22,1949,0.0003492403697551224,0.00048317348260287925,0.00013393311284775683,1.3393311284775684
6m,2003-05-21,1970,0.00036334932364985443,0.0004967824051518687,0.0001334330815020143,1.3343308150201432
6m,2003-06-19,1991,0.0003651502100612267,0.0004973033755124324,0.00013215316545120567,1.3215316545120566
6m,2003-07-18,2012,0.0003696078552813918,0.0005003179800930338,0.00013071012481164195,1.3071012481164195
6m,2003-08-18,2033,0.00038489712772497387,0.0005136672503505274,0.00012877012262555354,1.2877012262555354
6m,2003-09-16,2054,0.0004039236319077558,0.0005301230395229529,0.0001261994076151971,1.261994076151971
6m,2003-10-15,2075,0.0004130917213763695,0.000537456153194505,0.00012436443181813552,1.2436443181813552
6m,2003-11-13,2096,0.00041491432618517425,0.0005379108124163787,0.00012299648623120444,1.2299648623120445
6m,2003-12-12,2117,0.0004172738800132838,0.0005396257392028418,0.00012235185918955802,1.2235185918955802
6m,2004-01-15,2138,0.0004143000012292628,0.0005356433004585145,0.00012134329922925172,1.213432992292517
6m,2004-02-13,2159,0.0004107070616401289,0.0005308756052052285,0.0001201685435650996,1.2016854356509958
6m,2004-03-15,2180,0.00040715269102297916,0.000526185221993322,0.00011903253097034287,1.1903253097034288
6m,2004-04-15,2201,0.00040397528531656296,0.0005219905714540174,0.00011801528613745446,1.1801528613745447
6m,2004-05-17,2222,0.0004025930224921201,0.0005194472799096824,0.00011685425741756226,1.1685425741756226
6m,2004-06-16,2243,0.0003995119797289198,0.0005152922930922562,0.00011578031336333637,1.1578031336333636
6m,2004-07-15,2264,0.0003971192125348361,0.0005119438460640971,0.00011482463352926098,1.1482463352926098
6m,2004-08-13,2285,0.000395203223235546,0.0005091609334948054,0.00011395771025925937,1.1395771025925938
6m,2004-09-14,2306,0.00039393675332541665,0.0005070367890436219,0.00011310003571820523,1.1310003571820524
6m,2004-10-13,2327,0.0003923780522050269,0.00050456671205084,0.00011218865984581307,1.1218865984581308
6m,2004-11-11,2348,0.00039083967252423506,0.0005021134222151856,0.00011127374969095049,1.112737496909505
6m,2004-12-10,2369,0.0003906667931614274,0.0005010959609210133,0.00011042916775958595,1.1042916775958596
6m,2005-01-10,2390,0.0003890865058297946,0.0004985732487586597,0.00010948674292886513,1.0948674292886513
6m,2005-02-08,2411,0.00038738342865250524,0.0004959055407477891,0.0001085221120952839,1.085221120952839
6m,2005-03-09,2432,0.00038609063060679997,0.0004937058571447013,0.00010761522653790137,1.0761522653790137
6m,2005-04-11,2453,0.00038521013184372076,0.0004919562981872125,0.00010674616634349178,1.0674616634349179
6m,2005-05-10,2474,0.00038437893973426523,0.0004902242142873256,0.00010584527455306033,1.0584527455306032
6m,2005-06-09,2495,0.0003829280891276818,0.00048783576053605394,0.00010490767140837215,1.0490767140837216
6m,2005-07-08,2516,0.00038160919247472045,0.00048560433955162097,0.00010399514707690053,1.0399514707690052
6m,2005-08-08,2537,0.0003803364486265108,0.0004834318022641133,0.00010309535363760253,1.0309535363760254
6m,2005-09-07,2558,0.00037924079421968165,0.0004814700766405891,0.00010222928242090747,1.0222928242090747
6m,2005-10-06,2579,0.00037847308236841064,0.00047987000913441363,0.00010139692676600299,1.0139692676600298
6m,2005-11-04,2600,0.0003775835398683574,0.00047811198547279606,0.00010052844560443867,1.0052844560443868
6m,2005-12-05,2621,0.0003767153721325736,0.000476361264952438,9.964589281986441e-05,0.9964589281986441
6m,2006-01-05,2642,0.0003760191930511243,0.00047479949119544893,9.878029814432463e-05,0.9878029814432463
6m,2006-02-03,2663,0.00037494406334177436,0.0004728786936075588,9.793463026578443e-05,0.9793463026578443
6m,2006-03-06,2684,0.0003739947880926683,0.000471124619224825,9.71298311321567e-05,0.971298311321567
6m,2006-04-04,2705,0.00037287712943396363,0.00046922605062433984,9.634892119037621e-05,0.9634892119037621
6m,2006-05-08,2726,0.0003716094752794204,0.0004672099903445222,9.560051506510184e-05,0.9560051506510183
6m,2006-06-07,2747,0.00037033911907622145,0.0004652055412190403,9.486642214281884e-05,0.9486642214281884
6m,2006-07-06,2768,0.00036948779121032083,0.00046363295367190247,9.414516246158164e-05,0.9414516246158163
6m,2006-08-04,2789,0.0003694895841448617,0.0004629350876565471,9.344550351168541e-05,0.9344550351168541
6m,2006-09-05,2810,0.00036911462519139613,0.00046186431119753566,9.274968600613952e-05,0.9274968600613952
6m,2006-10-04,2831,0.0003684238913283116,0.000460495140300679,9.20712489723674e-05,0.920712489723674
6m,2006-11-02,2852,0.0003677171208807109,0.00045911765331369767,9.140053243298675e-05,0.9140053243298675
6m,2006-12-01,2873,0.0003666353862124481,0.00045737184036263965,9.073645415019153e-05,0.9073645415019153
6m,2007-01-04,2894,0.000365459314814872,0.0004555458330707364,9.00865182558644e-05,0.900865182558644
6m,2007-02-02,2915,0.00036433361487019913,0.00045377429900430005,8.944068413410092e-05,0.8944068413410091
6m,2007-03-05,2936,0.0003629879838877444,0.0004517881197811876,8.880013589344319e-05,0.8880013589344319
6m,2007-04-03,2957,0.0003617694016931814,0.0004499389176676053,8.816951597442392e-05,0.8816951597442392
6m,2007-05-04,2978,0.00036083320040641924,0.00044838230379572164,8.754910338930241e-05,0.8754910338930241
6m,2007-06-06,2999,0.00036019512462843957,0.00044714602733403905,8.695090270559948e-05,0.8695090270559948
6m,2007-07-05,3020,0.0003595329033292576,0.00044591009527172344,8.637719194246583e-05,0.8637719194246584
6m,2007-08-03,3041,0.00035903118289057,0.0004448490288538772,8.581784596330724e-05,0.8581784596330724
6m,2007-09-04,3062,0.000358774001563127,0.0004440575748143473,8.528357325122033e-05,0.8528357325122032
6m,2007-10-03,3083,0.00035781502766333017,0.0004425896065358778,8.477457887254763e-05,0.8477457887254763
6m,2007-11-01,3104,0.00035635977075874166,0.00044064489997379787,8.428512921505621e-05,0.8428512921505621
6m,2007-11-30,3125,0.00035436824166095983,0.0004381668427874692,8.379860112650935e-05,0.8379860112650935
6m,2008-01-03,3146,0.0003523141736043969,0.0004356167218479446,8.330254824354767e-05,0.8330254824354767
6m,2008-02-01,3167,0.00035068453600009433,0.00043333314479296217,8.264860879286784e-05,0.8264860879286784
6m,2008-03-03,3188,0.00035106447430472066,0.0004330929560754753,8.202848177075463e-05,0.8202848177075464
6m,2008-04-03,3209,0.00034951187333063117,0.00043099736334945374,8.148549001882257e-05,0.8148549001882257
6m,2008-05-02,3230,0.00034828658717661235,0.0004292279435456153,8.094135636900295e-05,0.8094135636900295
6m,2008-06-04,3251,0.0003466311989245803,0.00042701743758315533,8.038623865857505e-05,0.8038623865857505
6m,2008-07-03,3272,0.000349193590469206,0.0004299036833104934,8.07100928412874e-05,0.807100928412874
6m,2008-08-01,3293,0.0003577075635719161,0.0004375375093140269,7.982994574211078e-05,0.7982994574211077
6m,2008-09-02,3314,0.0003584738958109684,0.000438645294593786,8.017139878281756e-05,0.8017139878281756
6m,2008-10-01,3335,0.00036115218938669323,0.00044087274123202625,7.972055184533302e-05,0.7972055184533302
6m,2008-10-30,3356,0.0003619006925535317,0.00044124170905305313,7.934101649952145e-05,0.7934101649952144
6m,2008-11-28,3377,0.00036007961964126903,0.00043885306068336416,7.877344104209512e-05,0.7877344104209513
6m,2008-12-31,3398,0.0003586450741336705,0.00043683527804209125,7.819020390842076e-05,0.7819020390842075
6m,2009-01-30,3419,0.00035734445518481074,0.00043490064529899013,7.755619011417939e-05,0.7755619011417939
6m,2009-03-02,3440,0.0003559711342415992,0.00043295754261906587,7.698640837746669e-05,0.7698640837746669
6m,2009-03-31,3461,0.000354767810840155,0.00043120020099692615,7.643239015677118e-05,0.7643239015677118
6m,2009-05-01,3482,0.00035359059966339656,0.0004295609067852032,7.597030712180663e-05,0.7597030712180664
6m,2009-06-03,3503,0.0003526330096420097,0.0004281773457403383,7.554433609832856e-05,0.7554433609832857
6m,2009-07-02,3524,0.00035206313700996393,0.0004271910957719666,7.512795876200265e-05,0.7512795876200266
6m,2009-07-31,3545,0.0003517804866836405,0.0004265296194245523,7.474913274091183e-05,0.7474913274091184
6m,2009-09-01,3566,0.00035170593993927654,0.0004260906977518176,7.438475781254106e-05,0.7438475781254106
6m,2009-09-30,3587,0.00035172094992764704,0.00042578484882661264,7.40638988989656e-05,0.740638988989656
6m,2009-10-29,3608,0.0003519411063264391,0.00042570624039900797,7.376513407256885e-05,0.7376513407256885
6m,2009-11-27,3629,0.0003521264944709845,0.0004257022149490068,7.357572047802228e-05,0.7357572047802228
6m,2009-12-30,3650,0.0003521904540356908,0.0004255650404637392,7.33745864280484e-05,0.7337458642804839
6m,2010-01-29,3671,0.00035178727855656843,0.0004249088039632281,7.312152540665969e-05,0.7312152540665968
6m,2010-03-01,3692,0.00035138187933290245,0.0004241327522575669,7.275087292466447e-05,0.7275087292466447
6m,2010-03-30,3713,0.00035087612853428615,0.0004232115421340747,7.233541359978856e-05,0.7233541359978857
6m,2010-04-30,3734,0.0003502930892948953,0.00042220457527552527,7.191148598062995e-05,0.7191148598062995
6m,2010-06-02,3755,0.00034958475540131713,0.0004210808877598126,7.149613235849547e-05,0.7149613235849547
6m,2010-07-01,3776,0.00034883277141351763,0.00041996179945373916,7.112902804022153e-05,0.7112902804022153
6m,2010-07-30,3797,0.0003482964571493235,0.0004191635322504546,7.086707510113111e-05,0.708670751011311
6m,2010-08-31,3818,0.0003478042049686892,0.0004184967464057439,7.069254143705466e-05,0.7069254143705466
6m,2010-09-29,3839,0.000347048208975972,0.0004175728416448947,7.052463266892265e-05,0.7052463266892265
6m,2010-10-28,3860,0.00034618214743669014,0.00041657308280438856,7.039093536769843e-05,0.7039093536769843
6m,2010-11-26,3881,0.0003453012654978159,0.00041555554593836457,7.025428044054867e-05,0.7025428044054867
6m,2010-12-29,3902,0.00034459356926120444,0.00041472219690013743,7.012862763893299e-05,0.7012862763893299
6m,2011-01-28,3923,0.0003439857748968542,0.0004139834026840009,6.999762778714668e-05,0.6999762778714668
6m,2011-02-28,3944,0.00034355724918881745,0.0004133608449861588,6.980359579734132e-05,0.6980359579734132
6m,2011-03-29,3965,0.000343361829173203,0.0004129247145369913,6.956288536378831e-05,0.6956288536378832
6m,2011-04-29,3986,0.00034345927980772626,0.0004127913553976634,6.933207558993716e-05,0.6933207558993716
6m,2011-05-31,4007,0.0003434324485914883,0.000412445149822875,6.901270123138673e-05,0.6901270123138673
6m,2011-06-29,4028,0.0003430195474051597,0.00041168007837011095,6.866053096495127e-05,0.6866053096495127
6m,2011-07-28,4049,0.0003421646009551162,0.0004104501041176205,6.82855031625043e-05,0.682855031625043
6m,2011-08-26,4070,0.00034093355223873854,0.0004088532322226664,6.791967998392789e-05,0.6791967998392788
6m,2011-09-27,4091,0.0003393619169724707,0.00040691697617589024,6.755505920341952e-05,0.6755505920341952
6m,2011-10-26,4112,0.00033770843354324046,0.00040492488360612276,6.72164500628823e-05,0.6721645006288229
6m,2011-11-24,4133,0.00033627035884439404,0.00040299457664313835,6.672421779874431e-05,0.6672421779874431
6m,2011-12-23,4154,0.0003352243689119591,0.00040150434199483155,6.627997308287245e-05,0.6627997308287246
6m,2012-01-26,4175,0.0003345964447063111,0.00040062850589163673,6.603206118532563e-05,0.6603206118532563
6m,2012-02-24,4196,0.0003342071502731691,0.00039998232284481567,6.577517257164655e-05,0.6577517257164655
6m,2012-03-26,4217,0.00033380219228033533,0.0003992810831848753,6.547889090453997e-05,0.6547889090453998
6m,2012-04-26,4238,0.000333454747864391,0.0003986279018333996,6.517315396900863e-05,0.6517315396900862
6m,2012-05-28,4259,0.0003332004968513315,0.0003980603762357304,6.485987938439891e-05,0.6485987938439891
6m,2012-06-27,4280,0.00033286507072814606,0.00039736565280266143,6.450058207451537e-05,0.6450058207451538
6m,2012-07-26,4301,0.0003327159647330461,0.0003968399333297586,6.412396859671252e-05,0.6412396859671252
6m,2012-08-24,4322,0.0003326789868154853,0.0003964106034209035,6.373161660541818e-05,0.6373161660541817
6m,2012-09-25,4343,0.0003328451237283819,0.0003961955264848851,6.335040275650322e-05,0.6335040275650322
6m,2012-10-24,4364,0.00033311594787035326,0.0003960907877685075,6.297483989815421e-05,0.6297483989815421
6m,2012-11-22,4385,0.0003335298597421081,0.0003961476192388363,6.261775949672815e-05,0.6261775949672815
6m,2012-12-21,4406,0.00033396705369198067,0.0003962313756773295,6.226432198534884e-05,0.6226432198534884
6m,2013-01-24,4427,0.00033435410291870224,0.00039627327724743854,6.19191743287363e-05,0.619191743287363
6m,2013-02-22,4448,0.0003346679963091039,0.00039624026158885183,6.157226527974796e-05,0.6157226527974795
6m,2013-03-25,4469,0.0003348812726206746,0.0003960787553309941,6.11974827103195e-05,0.6119748271031951
6m,2013-04-25,4490,0.00033515201901555234,0.0003960102046366544,6.0858185621102045e-05,0.6085818562110205
6m,2013-05-28,4511,0.0003355017200663146,0.000396022131216001,6.0520411149686396e-05,0.6052041114968639
6m,2013-06-26,4532,0.00033582972774684716,0.0003960164143487623,6.018668660191513e-05,0.6018668660191513
6m,2013-07-25,4553,0.00033613770022005595,0.00039599142841759144,5.9853728197535486e-05,0.5985372819753548
6m,2013-08-23,4574,0.00033661019261457386,0.0003961522848368885,5.954209222231463e-05,0.5954209222231464
6m,2013-09-24,4595,0.0003371201391553113,0.0003963305520458119,5.921041289050062e-05,0.5921041289050062
6m,2013-10-23,4616,0.00033763250378284013,0.0003964677781699955,5.883527438715539e-05,0.5883527438715539
6m,2013-11-21,4637,0.00033824245708501664,0.00039668274671216604,5.84402896271494e-05,0.584402896271494
6m,2013-12-20,4658,0.00033898905424989347,0.00039702326796276546,5.803421371287199e-05,0.58034213712872
6m,2014-01-23,4679,0.00033984233171650217,0.00039749178378044737,5.76494520639452e-05,0.5764945206394521
6m,2014-02-21,4700,0.0003407240117175931,0.00039797592977605217,5.7251918058459086e-05,0.5725191805845908
6m,2014-03-24,4721,0.0003414971375554256,0.000398192627087285,5.669548953185938e-05,0.5669548953185939
6m,2014-04-24,4742,0.0003420739318496135,0.0003981072535863228,5.6033321736709306e-05,0.5603332173670931
6m,2014-05-23,4763,0.00034245538350934426,0.0003976349263353507,5.5179542826006456e-05,0.5517954282600646
6m,2014-06-23,4784,0.00034277525295468825,0.0003970793093350169,5.4304056380328656e-05,0.5430405638032866
6m,2014-07-22,4805,0.00034306865341995077,0.00039660344925569665,5.3534795835745875e-05,0.5353479583574587
6m,2014-08-20,4826,0.00034333497507149646,0.00039614906668497367,5.281409161347721e-05,0.5281409161347721
6m,2014-09-18,4847,0.0003435870473539259,0.0003956368715116254,5.204982415769947e-05,0.5204982415769948
6m,2014-10-17,4868,0.00034413741981319067,0.00039551680531946335,5.137938550627268e-05,0.5137938550627268
6m,2014-11-17,4889,0.00034486323052035855,0.0003954799037832654,5.061667326290687e-05,0.5061667326290686
6m,2014-12-16,4910,0.00034545808088414214,0.0003951082154185699,4.965013453442775e-05,0.4965013453442775
6m,2015-01-16,4931,0.000346012647491328,0.00039468234188620775,4.866969439487975e-05,0.4866969439487975
6m,2015-02-16,4952,0.0003465875917872546,0.00039436180368616756,4.777421189891296e-05,0.4777421189891296
6m,2015-03-17,4973,0.00034710687484480583,0.00039398798994032274,4.688111509551691e-05,0.4688111509551691
6m,2015-04-16,4994,0.0003476774686304121,0.0003936359184072854,4.595844977687332e-05,0.4595844977687332
6m,2015-05-15,5015,0.00034815905046905283,0.0003930941420416926,4.493509157263979e-05,0.44935091572639785
6m,2015-06-15,5036,0.00034855314143033276,0.0003923262902687233,4.377314883839055e-05,0.43773148838390546
6m,2015-07-14,5057,0.0003488841079891696,0.0003914144736150884,4.25303656259188e-05,0.425303656259188
6m,2015-08-12,5078,0.00034900869573780416,0.00039022217820244284,4.1213482464638675e-05,0.41213482464638673
6m,2015-09-10,5099,0.0003490660667851187,0.00038892002141243455,3.985395462731585e-05,0.39853954627315846
6m,2015-10-09,5120,0.00034887417015436444,0.000389668765417337,4.079459526297257e-05,0.4079459526297257
6m,2015-11-09,5141,0.0003487917598738326,0.0003888078742319012,4.001611435806862e-05,0.4001611435806862
6m,2015-12-08,5162,0.0003485917329960987,0.0003917473238005976,4.315559080449893e-05,0.4315559080449893
6m,2016-01-08,5183,0.0003483089105859486,0.0003957495407160668,4.7440630130118216e-05,0.47440630130118217
6m,2016-02-08,5204,0.00034839269776102045,0.00039454235689332176,4.6149659132301306e-05,0.4614965913230131
6m,2016-03-08,5225,0.0003488311508383549,0.0003938885077766492,4.505735693829428e-05,0.4505735693829428
6m,2016-04-08,5246,0.00034896231934045927,0.0003929770948287314,4.401477548827211e-05,0.4401477548827211
6m,2016-05-09,5267,0.00034896318812258444,0.0003922120298375042,4.324884171491973e-05,0.43248841714919734
6m,2016-06-07,5288,0.00034884215624390175,0.0003914693735958315,4.2627217351929746e-05,0.42627217351929747
6m,2016-07-06,5309,0.0003486455784097463,0.0003908109410968394,4.216536268709313e-05,0.4216536268709313
6m,2016-08-04,5330,0.00034838598906071293,0.00039022459751594676,4.183860845523383e-05,0.4183860845523383
6m,2016-09-02,5351,0.0003481229703597801,0.00038969320315333734,4.157023279355727e-05,0.41570232793557266
6m,2016-10-03,5372,0.00034764986644882513,0.00038891288016109623,4.1263013712271107e-05,0.41263013712271107
6m,2016-11-01,5393,0.000347070156791528,0.00038810333104834764,4.103317425681964e-05,0.4103317425681964
6m,2016-11-30,5414,0.0003462611866321199,0.0003870703365284333,4.08091498963134e-05,0.408091498963134
6m,2016-12-30,5435,0.00034545768391630415,0.0003860146138091297,4.055692989282558e-05,0.4055692989282558
6m,2017-01-30,5456,0.0003445997449091764,0.0003849045951366959,4.030485022751948e-05,0.4030485022751948
6m,2017-02-28,5477,0.00034362115242893136,0.00038356129831026867,3.994014588133731e-05,0.39940145881337313
6m,2017-03-29,5498,0.00034278010320447816,0.0003823310426930795,3.955093948860135e-05,0.3955093948860135
6m,2017-05-02,5519,0.00034219902250139046,0.0003813344357284263,3.913541322703585e-05,0.39135413227035853
6m,2017-06-01,5540,0.00034209573322629256,0.00038087301912711916,3.87772859008266e-05,0.38777285900826597
6m,2017-06-30,5561,0.00034217291411414236,0.0003806118551961501,3.8438941082007746e-05,0.38438941082007744
6m,2017-07-31,5582,0.00034206723026070654,0.0003801573084647856,3.809007820407907e-05,0.38090078204079075
6m,2017-08-30,5603,0.00034188458127385585,0.0003796641585053538,3.7779577231497944e-05,0.37779577231497946
6m,2017-09-28,5624,0.0003416112086617323,0.00037915638691708573,3.754517825535345e-05,0.3754517825535345
6m,2017-10-27,5645,0.00034110917354995677,0.0003784102469171076,3.730107336715084e-05,0.37301073367150844
6m,2017-11-27,5666,0.00034039343259719014,0.0003775288594081766,3.7135426810986445e-05,0.37135426810986444
6m,2017-12-27,5687,0.00033980079872493766,0.0003768138169066019,3.7013018181664256e-05,0.37013018181664253
6m,2018-01-26,5708,0.00033919611063002006,0.0003761338971703299,3.693778654030984e-05,0.3693778654030984
6m,2018-02-26,5729,0.00033844625346308175,0.0003752562408982559,3.680998743517416e-05,0.36809987435174163
6m,2018-03-27,5750,0.0003376966171967541,0.0003743572041170746,3.6660586920320495e-05,0.3666058692032049
6m,2018-04-27,5771,0.0003371117399321889,0.0003736162059353701,3.650446600318122e-05,0.36504466003181224
6m,2018-05-29,5792,0.0003365324750158214,0.00037279412702637306,3.6261652010551666e-05,0.36261652010551665
6m,2018-06-27,5813,0.0003360300432484316,0.0003719886479901618,3.5958604741730214e-05,0.35958604741730216
6m,2018-07-26,5834,0.0003357375137396054,0.0003713392280364244,3.560171429681903e-05,0.35601714296819026
6m,2018-08-24,5855,0.00033544545177768744,0.0003707745715639639,3.532911978627645e-05,0.3532911978627645
6m,2018-09-25,5876,0.0003349846243713777,0.0003699439706916833,3.495934632030559e-05,0.3495934632030559
6m,2018-10-24,5897,0.00033494791914283925,0.0003693880086409301,3.444008949809085e-05,0.34440089498090853
6m,2018-11-22,5918,0.00033467890013869517,0.0003686916114504402,3.4012711311745005e-05,0.34012711311745003
6m,2018-12-21,5939,0.0003343653025898205,0.0003679711275969946,3.3605825007174096e-05,0.33605825007174095
6m,2019-01-23,5960,0.000334356522451974,0.0003675914240920397,3.323490164006571e-05,0.3323490164006571
6m,2019-02-21,5981,0.00033392419031016924,0.0003668505224947992,3.292633218462997e-05,0.3292633218462997
6m,2019-03-22,6002,0.0003334319193726379,0.0003660334718121579,3.2601552439520014e-05,0.32601552439520015
6m,2019-04-24,6023,0.0003329233829142709,0.00036523025790809334,3.230687499382242e-05,0.3230687499382242
6m,2019-05-24,6044,0.0003325754868323791,0.00036453286068746096,3.195737385508187e-05,0.31957373855081866
6m,2019-06-25,6065,0.00033223385777819334,0.00036391528962050014,3.16814318423068e-05,0.31681431842306795
6m,2019-07-24,6086,0.00033187990544929967,0.00036332312622670105,3.144322077740138e-05,0.3144322077740138
6m,2019-08-22,6107,0.00033155049529449336,0.00036280855475585806,3.12580594613647e-05,0.31258059461364696
6m,2019-09-23,6128,0.00033111000856546536,0.00036229715027334274,3.118714170787738e-05,0.31187141707877375
6m,2019-10-22,6149,0.00033058152624001964,0.0003615536273941084,3.097210115408878e-05,0.3097210115408878
6m,2019-11-20,6170,0.000329950905886861,0.00036070768071117345,3.075677482431246e-05,0.3075677482431246
6m,2019-12-19,6191,0.00032920930472164853,0.00035978893714654374,3.05796324248952e-05,0.30579632424895203
6m,2020-01-22,6212,0.00032841542234391205,0.0003586728376045121,3.0257415260600054e-05,0.30257415260600057
6m,2020-02-20,6233,0.00032756834567173465,0.000357557688801215,2.9989343129480355e-05,0.29989343129480356
6m,2020-03-20,6254,0.00032701065024822476,0.00035729654998273953,3.028589973451477e-05,0.3028589973451477
6m,2020-04-22,6275,0.0003262141327455236,0.0003578910060896283,3.167687334410473e-05,0.3167687334410473
6m,2020-05-22,6296,0.00032531398074564256,0.0003568530051147268,3.153902436908425e-05,0.3153902436908425
6m,2020-06-23,6317,0.00032526680628307335,0.0003558994568082752,3.063265052520185e-05,0.3063265052520185
6m,2020-07-22,6338,0.00032464040494341935,0.0003548485156398799,3.0208110696460563e-05,0.3020811069646056
6m,2020-08-20,6359,0.0003238655006306405,0.00035388121624565664,3.0015715615016128e-05,0.30015715615016125
6m,2020-09-21,6380,0.00032320615930510967,0.00035316324663929886,2.9957087334189195e-05,0.299570873341892
6m,2020-10-20,6401,0.00032271398424535424,0.0003526950456420187,2.998106139666444e-05,0.29981061396664443
6m,2020-11-18,6422,0.00032208325036181805,0.0003523881880386139,3.0304937676795842e-05,0.3030493767679584
6m,2020-12-17,6443,0.00032180005169091843,0.0003522733740272312,3.0473322336312743e-05,0.3047332233631274
6m,2021-01-20,6464,0.0003217408979188745,0.00035230696315939803,3.056606524052353e-05,0.3056606524052353
6m,2021-02-18,6485,0.0003215715501697792,0.0003523408832503283,3.0769333080549134e-05,0.3076933308054913
6m,2021-03-19,6506,0.00032144059280409963,0.00035238885814385,3.094826533975038e-05,0.30948265339750375
6m,2021-04-21,6527,0.00032137816877882375,0.00035244423544910297,3.106606667027922e-05,0.3106606667027922
6m,2021-05-21,6548,0.0003213053355646153,0.00035245462537073744,3.1149289806122144e-05,0.31149289806122143
6m,2021-06-22,6569,0.0003211189026932003,0.00035229885161328913,3.117994892008882e-05,0.31179948920088824
6m,2021-07-21,6590,0.0003207959189599515,0.00035203176212516456,3.123584316521306e-05,0.31235843165213056
6m,2021-08-19,6611,0.0003205665832839179,0.00035185428990535913,3.1287706621441224e-05,0.31287706621441225
6m,2021-09-20,6632,0.00032016826540467227,0.0003515822717590681,3.141400635439586e-05,0.31414006354395857
6m,2021-10-19,6653,0.00031977109530172246,0.00035135164188462213,3.1580546582899674e-05,0.31580546582899677
6m,2021-11-17,6674,0.00031928889394824647,0.00035108149582236596,3.1792601874119496e-05,0.31792601874119497
6m,2021-12-16,6695,0.00031884518942574224,0.0003508170671802816,3.197187775453935e-05,0.3197187775453935
6m,2022-01-19,6716,0.00031857410896304206,0.00035066894515066704,3.209483618762498e-05,0.3209483618762498
6m,2022-02-17,6737,0.000318040538627328,0.00035045453766200903,3.241399903468101e-05,0.32413999034681007
6m,2022-03-18,6758,0.00031758857887360156,0.00035026967405962567,3.268109518602411e-05,0.3268109518602411
6m,2022-04-20,6779,0.0003171664597811023,0.00034994847805335503,3.2782018272252715e-05,0.32782018272252716
6m,2022-05-20,6800,0.0003167560765774373,0.00034955387393674085,3.2797797359303575e-05,0.32797797359303577
6m,2022-06-22,6821,0.00031654696199213153,0.0003492771318936053,3.273016990147377e-05,0.3273016990147377
6m,2022-07-21,6842,0.00031602173109994647,0.00034871169332902237,3.26899622290759e-05,0.32689962229075903
6m,2022-08-19,6863,0.00031563811879359836,0.0003482965359651238,3.265841717152543e-05,0.32658417171525433
6m,2022-09-21,6884,0.00031514794139781067,0.0003477987719044736,3.2650830506662906e-05,0.32650830506662903
6m,2022-10-20,6905,0.0003150336935822125,0.000347613118260848,3.257942467863549e-05,0.32579424678635494
6m,2022-11-18,6926,0.000314736882614879,0.0003472721697461593,3.2535287131280326e-05,0.32535287131280327
6m,2022-12-19,6947,0.00031445479466427897,0.0003469382326111782,3.248343794689921e-05,0.32483437946899213
6m,2023-01-20,6968,0.0003141744184790648,0.00034660305020173737,3.242863172267258e-05,0.3242863172267258
6m,2023-02-20,6989,0.0003136412372146435,0.0003460209507592841,3.2379713544640606e-05,0.32379713544640604
6m,2023-03-21,7010,0.00031307190357637285,0.00034536497679934326,3.229307322297041e-05,0.3229307322297041
6m,2023-04-21,7031,0.00031275672961356,0.00034490790190048955,3.2151172286929526e-05,0.32151172286929525
6m,2023-05-24,7052,0.000312313131536864,0.000344308486569819,3.199535503295496e-05,0.3199535503295496
6m,2023-06-23,7073,0.00031196616195016693,0.0003437714980627979,3.1805336112630984e-05,0.31805336112630983
6m,2023-07-24,7094,0.0003116400467259264,0.00034323083391068533,3.1590787184758906e-05,0.31590787184758906
6m,2023-08-22,7115,0.00031126713233469333,0.0003426129233535042,3.134579101881084e-05,0.3134579101881084
6m,2023-09-21,7136,0.0003123280851622336,0.00034509784245088644,3.276975728865283e-05,0.3276975728865283
6m,2023-10-20,7157,0.0003209397046153136,0.000357025728340673,3.608602372535941e-05,0.3608602372535941
6m,2023-11-20,7178,0.0003496769685804773,0.0003894177440325411,3.9740775452063804e-05,0.39740775452063803
6m,2023-12-19,7199,0.0003951084753238869,0.00043828648300157225,4.3178007677685364e-05,0.43178007677685365
6m,2024-01-22,7220,0.00045457403729129794,0.0005010094465930698,4.6435409301771836e-05,0.46435409301771835
6m,2024-02-20,7241,0.0005160559254371843,0.0005665300242142116,5.047409877702725e-05,0.5047409877702725
6m,2024-03-20,7262,0.0005606494686087838,0.0006175835943138418,5.693412570505804e-05,0.5693412570505804
6m,2024-04-22,7283,0.0005904479616962849,0.0006508899052657087,6.044194356942382e-05,0.6044194356942382
6m,2024-05-22,7304,0.0005995534813551887,0.0006605557027911313,6.1002221435942604e-05,0.610022214359426
6m,2024-06-21,7325,0.0006080369081868324,0.0006666639778462201,5.862706965938764e-05,0.5862706965938764
6m,2024-07-22,7346,0.0006424865693125598,0.00068180212307452,3.931555376196017e-05,0.3931555376196017
6m,2024-08-20,7367,0.0006800812434574332,0.0006979531997211781,1.787195626374498e-05,0.17871956263744979
6m,2024-09-19,7388,0.0006975016287916833,0.0007023467251445806,4.845096352897298e-06,0.04845096352897298
6m,2024-10-18,7409,0.0006987832062538685,0.0007015433263048938,2.7601200510253077e-06,0.027601200510253075
6m,2024-11-18,7430,0.0006985093066280902,0.0007001967852051481,1.6874785770579735e-06,0.016874785770579735
6m,2024-12-17,7451,0.0006978723658678958,0.0007030818740718217,5.209508203925933e-06,0.05209508203925933
6m,2025-01-20,7472,0.0006982945869217059,0.0007026431912457205,4.348604324014597e-06,0.043486043240145975
6m,2025-02-18,7493,0.0006999622460985466,0.0007113608899790114,1.1398643880464708e-05,0.11398643880464708
6m,2025-03-19,7514,0.0007028556476373791,0.0007129523272170285,1.009667957964941e-05,0.1009667957964941
6m,2025-04-17,7535,0.0007030826650589768,0.0007120858128251011,9.003147766124256e-06,0.09003147766124256
6m,2025-05-21,7556,0.0007038915787040253,0.0007116347938681678,7.743215164142414e-06,0.07743215164142414
12m,1998-02-05,500,0.0003019931783022933,0.00029893167039988806,-3.0615079024052497e-06,-0.030615079024052496
12m,1998-03-06,521,0.0003044661287822127,0.00030089851889299624,-3.5676098892164425e-06,-0.03567609889216442
12m,1998-04-06,542,0.00030626525241863955,0.00030250831710586766,-3.75693531277189e-06,-0.0375693531277189
12m,1998-05-08,563,0.00030738159124658605,0.00030359601473726235,-3.785576509323697e-06,-0.03785576509323697
12m,1998-06-09,584,0.0003067895371375139,0.0003031299349615093,-3.6596021760046307e-06,-0.03659602176004631
12m,1998-07-08,605,0.00030519875822113693,0.0003018321564509033,-3.3666017702336138e-06,-0.03366601770233614
12m,1998-08-06,626,0.0003029113524911405,0.0002999925401585724,-2.9188123325681026e-06,-0.029188123325681027
12m,1998-09-07,647,0.0002999012374919521,0.00029746305460203614,-2.4381828899159457e-06,-0.024381828899159456
12m,1998-10-06,668,0.00029610734323112884,0.00029413608949956343,-1.9712537315654064e-06,-0.019712537315654064
12m,1998-11-04,689,0.00029174066033936936,0.0002902998375018179,-1.4408228375514722e-06,-0.014408228375514722
12m,1998-12-03,710,0.0002862946562591863,0.00028537375218502114,-9.20904074165152e-07,-0.00920904074165152
12m,1999-01-07,731,0.00028035628899553166,0.00027994212226930247,-4.1416672622919017e-07,-0.004141667262291902
12m,1999-02-05,752,0.0002742483664130977,0.00027447687105843817,2.2850464534044735e-07,0.0022850464534044735
12m,1999-03-08,773,0.00026795448113166385,0.0002693444130148942,1.3899318832303275e-06,0.013899318832303276
12m,1999-04-08,794,0.00026771300540466987,0.00026294373316592263,-4.769272238747233e-06,-0.047692722387472325
12m,1999-05-10,815,0.00026763491397028454,0.0002569278443975386,-1.0707069572745938e-05,-0.10707069572745938
12m,1999-06-09,836,0.00026822008069359065,0.0002514021598194477,-1.681792087414297e-05,-0.1681792087414297
12m,1999-07-08,857,0.0002620995507361174,0.00024707805674890437,-1.502149398721305e-05,-0.1502149398721305
12m,1999-08-06,878,0.00025608929137678954,0.0002425392824844767,-1.3550008892312834e-05,-0.13550008892312834
12m,1999-09-06,899,0.00025059313592468076,0.00023850255645817473,-1.209057946650603e-05,-0.1209057946650603
12m,1999-10-05,920,0.0002454731675957706,0.00023469487806752247,-1.0778289528248135e-05,-0.10778289528248135
12m,1999-11-03,941,0.00024093467122276158,0.0002316586494749384,-9.276021747823171e-06,-0.09276021747823171
12m,1999-12-02,962,0.00023722873222172707,0.0002296769525411036,-7.551779680623459e-06,-0.07551779680623459
12m,2000-01-06,983,0.00023409501726257066,0.00022841788185180717,-5.677135410763487e-06,-0.05677135410763487
12m,2000-02-04,1004,0.00023017950267653094,0.00022616820601003394,-4.011296666497005e-06,-0.040112966664970044
12m,2000-03-06,1025,0.00022591180311949132,0.00022315723298882065,-2.7545701306706685e-06,-0.027545701306706687
12m,2000-04-04,1046,0.00022212038086123949,0.00022024874125935388,-1.871639601885611e-06,-0.01871639601885611
12m,2000-05-08,1067,0.00021868663018575205,0.00021774017916177083,-9.464510239812251e-07,-0.00946451023981225
12m,2000-06-07,1088,0.00021517386930089473,0.00021470331393181049,-4.705553690842446e-07,-0.004705553690842446
12m,2000-07-06,1109,0.00021167852611486438,0.00021158793402631192,-9.059208855245662e-08,-0.0009059208855245662
12m,2000-08-04,1130,0.00020824812943604016,0.00020834090883082361,9.277939478345189e-08,0.0009277939478345189
12m,2000-09-05,1151,0.0002048681990717555,0.00020492438723710815,5.6188165352644105e-08,0.000561881653526441
12m,2000-10-04,1172,0.00020162783213364044,0.00020147691233692548,-1.5091979671495248e-07,-0.0015091979671495248
12m,2000-11-02,1193,0.00019918724401499314,0.00019848366962328987,-7.035743917032647e-07,-0.0070357439170326466
12m,2000-12-01,1214,0.00020842317985119183,0.0002073468517496588,-1.0763281015330314e-06,-0.010763281015330315
12m,2001-01-04,1235,0.00022300424289031827,0.0002213722996133107,-1.631943277007568e-06,-0.01631943277007568
12m,2001-02-02,1256,0.0002278854923649525,0.00022582084065592216,-2.064651709030355e-06,-0.020646517090303552
12m,2001-03-05,1277,0.0002258972615578407,0.00022246942897253782,-3.427832585302886e-06,-0.03427832585302886
12m,2001-04-03,1298,0.00022319386931608605,0.00021968090927501434,-3.5129600410717084e-06,-0.03512960041071708
12m,2001-05-04,1319,0.00022041440248000196,0.00021693833272656596,-3.476069753435997e-06,-0.03476069753435997
12m,2001-06-05,1340,0.00021786241617969635,0.00021418872090624058,-3.673695273455769e-06,-0.03673695273455769
12m,2001-07-04,1361,0.00021612265901126934,0.00021178217068888524,-4.340488322384105e-06,-0.04340488322384105
12m,2001-08-02,1382,0.00021436477509516406,0.00020942045198388973,-4.944323111274334e-06,-0.04944323111274335
12m,2001-09-03,1403,0.00021283254620476646,0.00020742634559774107,-5.406200607025385e-06,-0.05406200607025385
12m,2001-10-02,1424,0.00021162419416755293,0.0002058895015376168,-5.734692629936122e-06,-0.05734692629936122
12m,2001-10-31,1445,0.00021052618432053827,0.00020408386488603188,-6.4423194345063835e-06,-0.06442319434506384
12m,2001-11-29,1466,0.0002095763933847776,0.00020249315889633512,-7.083234488442484e-06,-0.07083234488442484
12m,2002-01-04,1487,0.0002088901933517929,0.00020098909726283946,-7.901096088953435e-06,-0.07901096088953435
12m,2002-02-04,1508,0.00020805253358843013,0.00019943055326265775,-8.62198032577238e-06,-0.0862198032577238
12m,2002-03-05,1529,0.00020682712141238246,0.00019781602590707728,-9.011095505305174e-06,-0.09011095505305174
12m,2002-04-05,1550,0.00020521356810314186,0.00019599876246219542,-9.214805640946435e-06,-0.09214805640946436
12m,2002-05-06,1571,0.0002034215869138489,0.0001939631168666931,-9.458470047155797e-06,-0.09458470047155797
12m,2002-06-04,1592,0.0002011676118599353,0.0001952034086291583,-5.964203230777001e-06,-0.05964203230777001
12m,2002-07-03,1613,0.00020282354691195583,0.0002107472487380687,7.923701826112863e-06,0.07923701826112863
12m,2002-08-01,1634,0.00020649815576196916,0.00022943417265929142,2.2936016897322258e-05,0.2293601689732226
12m,2002-08-30,1655,0.0002114249037781941,0.00025015147183189327,3.872656805369918e-05,0.3872656805369918
12m,2002-09-30,1676,0.0002279239276910832,0.0002838294364346036,5.59055087435204e-05,0.559055087435204
12m,2002-10-29,1697,0.00024381936077766476,0.0003208960022697219,7.707664149205712e-05,0.7707664149205713
12m,2002-11-27,1718,0.0002533589986819565,0.0003536213088874722,0.00010026231020551573,1.0026231020551573
12m,2002-12-30,1739,0.00026669517654665187,0.00038812448261627344,0.00012142930606962157,1.2142930606962157
12m,2003-01-29,1760,0.0002876034828906801,0.00042165834079138263,0.0001340548579007025,1.340548579007025
12m,2003-02-27,1781,0.0003109584710407554,0.0004616146774101997,0.0001506562063694443,1.506562063694443
12m,2003-03-28,1802,0.00033165959474392516,0.0004995722863754727,0.00016791269163154754,1.6791269163154754
12m,2003-04-30,1823,0.0003567125052847263,0.0005330205862921224,0.00017630808100739612,1.7630808100739612
12m,2003-05-29,1844,0.0003783104997363646,0.000553258575355023,0.00017494807561865838,1.7494807561865837
12m,2003-06-27,1865,0.00039079927275973743,0.0005741380132450642,0.00018333874048532677,1.8333874048532677
12m,2003-07-28,1886,0.0004076250738138309,0.0006054281212719063,0.00019780304745807542,1.9780304745807542
12m,2003-08-26,1907,0.0004298733392489246,0.0006380451480069992,0.0002081718087580746,2.081718087580746
12m,2003-09-24,1928,0.00045180927804726567,0.000659653284877437,0.00020784400683017135,2.0784400683017137
12m,2003-10-23,1949,0.0004666778834411351,0.0006720172957742613,0.00020533941233312621,2.053394123331262
12m,2003-11-21,1970,0.0004855656777568572,0.0006871037074659127,0.0002015380297090555,2.0153802970905548
12m,2003-12-22,1991,0.0004931270766080472,0.0006931415430942031,0.0002000144664861559,2.000144664861559
12m,2004-01-23,2012,0.0004913683345969867,0.0006908304979149219,0.0001994621633179352,1.994621633179352
12m,2004-02-23,2033,0.00048677019420886587,0.0006841297821463187,0.00019735958793745288,1.9735958793745287
12m,2004-03-23,2054,0.00048242923051830495,0.0006775002258381312,0.00019507099531982627,1.9507099531982628
12m,2004-04-23,2075,0.0004787132830060405,0.0006716348327153335,0.00019292154970929298,1.9292154970929298
12m,2004-05-25,2096,0.00047510018082956687,0.0006659738142346143,0.00019087363340504747,1.9087363340504748
12m,2004-06-24,2117,0.0004718487035469707,0.0006607568143964001,0.0001889081108494294,1.889081108494294
12m,2004-07-23,2138,0.0004686712741760704,0.0006557946354313913,0.00018712336125532094,1.8712336125532094
12m,2004-08-23,2159,0.0004665014738685854,0.0006518273956637076,0.00018532592179512224,1.8532592179512224
12m,2004-09-22,2180,0.0004647489392478744,0.0006483705571269951,0.00018362161787912072,1.8362161787912072
12m,2004-10-21,2201,0.0004629109720234304,0.0006449536000381735,0.00018204262801474312,1.8204262801474311
12m,2004-11-19,2222,0.00046133113846932416,0.0006417398010199624,0.00018040866255063823,1.8040866255063823
12m,2004-12-20,2243,0.00046006808580348346,0.0006389554339957177,0.00017888734819223424,1.7888734819223424
12m,2005-01-18,2264,0.00045753302356512813,0.0006349416545369619,0.0001774086309718338,1.774086309718338
12m,2005-02-16,2285,0.0004552567430383529,0.0006311339078521956,0.0001758771648138427,1.758771648138427
12m,2005-03-17,2306,0.0004533357832582018,0.0006276875208365066,0.00017435173757830475,1.7435173757830476
12m,2005-04-19,2327,0.00045206998929298963,0.0006248624075810652,0.00017279241828807552,1.7279241828807552
12m,2005-05-18,2348,0.0004504259995344848,0.0006217030552108117,0.00017127705567632684,1.7127705567632683
12m,2005-06-17,2369,0.0004484222427594274,0.0006181873628646886,0.00016976512010526118,1.697651201052612
12m,2005-07-18,2390,0.00044649938811871907,0.0006146914267918901,0.00016819203867317106,1.6819203867317105
12m,2005-08-16,2411,0.00044469791084615943,0.0006113391668297228,0.00016664125598356337,1.6664125598356336
12m,2005-09-15,2432,0.0004430387523707265,0.0006081723146963951,0.00016513356232566854,1.6513356232566854
12m,2005-10-14,2453,0.00044153422241720314,0.0006051775636135139,0.00016364334119631073,1.6364334119631072
12m,2005-11-14,2474,0.00043980189281668167,0.0006019291767266012,0.00016212728390991953,1.6212728390991953
12m,2005-12-13,2495,0.0004382277381609284,0.0005987449628342177,0.00016051722467328935,1.6051722467328935
12m,2006-01-13,2516,0.000436897753674928,0.0005957770146152296,0.0001588792609403016,1.588792609403016
12m,2006-02-13,2537,0.00043563687666799193,0.0005929356888683599,0.00015729881220036794,1.5729881220036794
12m,2006-03-14,2558,0.00043427476224197647,0.0005900500933444166,0.0001557753311024401,1.5577533110244008
12m,2006-04-12,2579,0.0004327208581757226,0.0005870333320448059,0.00015431247386908328,1.5431247386908329
12m,2006-05-16,2600,0.0004309561286064173,0.0005839166434799983,0.000152960514873581,1.52960514873581
12m,2006-06-15,2621,0.00042916468173620145,0.0005808226964558251,0.00015165801471962368,1.5165801471962368
12m,2006-07-14,2642,0.0004278115274243605,0.0005781935338589482,0.00015038200643458774,1.5038200643458774
12m,2006-08-14,2663,0.00042703275086562666,0.0005761839313446553,0.00014915118047902868,1.4915118047902867
12m,2006-09-13,2684,0.00042545836483445527,0.0005734723475150233,0.000148013982680568,1.48013982680568
12m,2006-10-12,2705,0.00042395123917679794,0.0005708959657536929,0.00014694472657689498,1.46944726576895
12m,2006-11-10,2726,0.00042249993067970546,0.0005684254990198199,0.00014592556834011448,1.4592556834011448
12m,2006-12-11,2747,0.00042092871648182406,0.0005659048204765288,0.00014497610399470478,1.4497610399470477
12m,2007-01-12,2768,0.0004194735266478034,0.00056349381933104,0.00014402029268323655,1.4402029268323655
12m,2007-02-12,2789,0.0004181401303943391,0.0005611161105899144,0.00014297598019557525,1.4297598019557525
12m,2007-03-13,2810,0.0004165533364685871,0.0005584070388242268,0.00014185370235563974,1.4185370235563974
12m,2007-04-13,2831,0.0004148340375417054,0.0005555298538325251,0.0001406958162908197,1.4069581629081969
12m,2007-05-15,2852,0.00041314109562989474,0.0005526593034994011,0.00013951820786950637,1.3951820786950637
12m,2007-06-14,2873,0.00041140720805664193,0.000549760089878654,0.00013835288182201212,1.383528818220121
12m,2007-07-13,2894,0.00040956676173213645,0.0005467654134065829,0.00013719865167444644,1.3719865167444645
12m,2007-08-13,2915,0.00040775781091861537,0.0005437908037901446,0.00013603299287152926,1.3603299287152926
12m,2007-09-12,2936,0.0004059297612556999,0.0005407715326009239,0.00013484177134522399,1.34841771345224
12m,2007-10-11,2957,0.000403998407631506,0.0005376148188509612,0.00013361641121945516,1.3361641121945516
12m,2007-11-09,2978,0.0004016183468101198,0.0005340061434648641,0.00013238779665474427,1.3238779665474427
12m,2007-12-10,2999,0.00040069059254817745,0.0005355960584879951,0.00013490546593981765,1.3490546593981765
12m,2008-01-11,3020,0.00040147910456285165,0.0005406624201319108,0.0001391833155690592,1.3918331556905919
12m,2008-02-11,3041,0.0004060548823317236,0.0005484529099675653,0.0001423980276358417,1.423980276358417
12m,2008-03-11,3062,0.00041046793303504807,0.0005558719608993309,0.00014540402786428284,1.4540402786428284
12m,2008-04-11,3083,0.0004084973018342871,0.0005531516535680393,0.00014465435173375218,1.4465435173375218
12m,2008-05-13,3104,0.0004063251573852889,0.0005498100054880864,0.0001434848481027975,1.434848481027975
12m,2008-06-12,3125,0.0004040739015359018,0.00054643659144328,0.00014236268990737818,1.4236268990737817
12m,2008-07-11,3146,0.0004026032499022095,0.00054485151908572,0.00014224826918351048,1.4224826918351048
12m,2008-08-11,3167,0.000400637839224014,0.0005423545282842386,0.00014171668906022463,1.4171668906022463
12m,2008-09-10,3188,0.00039836463945584094,0.0005390482556402399,0.00014068361618439892,1.4068361618439893
12m,2008-10-09,3209,0.00039605632768043757,0.0005357097613907686,0.000139653433710331,1.3965343371033099
12m,2008-11-07,3230,0.0003940825639525833,0.0005326779139217205,0.0001385953499691372,1.385953499691372
12m,2008-12-08,3251,0.0003927200008738142,0.0005301843407746989,0.00013746433990088468,1.374643399008847
12m,2009-01-09,3272,0.0003917531451520197,0.0005280956291763743,0.00013634248402435463,1.3634248402435463
12m,2009-02-09,3293,0.00039077578243731253,0.0005261626864436881,0.00013538690400637554,1.3538690400637554
12m,2009-03-10,3314,0.00038974107747143994,0.0005242787158022692,0.00013453763833082928,1.3453763833082928
12m,2009-04-08,3335,0.00038885407901081455,0.0005225713278866899,0.00013371724887587536,1.3371724887587535
12m,2009-05-12,3356,0.00038806450312755126,0.0005209581668896619,0.00013289366376211063,1.3289366376211063
12m,2009-06-11,3377,0.0003874161887755891,0.0005194802932699217,0.0001320641044943326,1.3206410449433261
12m,2009-07-10,3398,0.0003867932973045839,0.0005180240248053649,0.00013123072750078095,1.3123072750078095
12m,2009-08-10,3419,0.00038617581640957427,0.0005165846888847209,0.00013040887247514664,1.3040887247514665
12m,2009-09-09,3440,0.00038562694569634244,0.0005152100333134192,0.00012958308761707674,1.2958308761707675
12m,2009-10-08,3461,0.0003850991475508491,0.0005138434532977727,0.00012874430574692363,1.2874430574692364
12m,2009-11-06,3482,0.0003846146562259762,0.0005125125739514674,0.00012789791772549122,1.2789791772549122
12m,2009-12-07,3503,0.00038407284114850003,0.0005110772302414577,0.00012700438909295767,1.2700438909295768
12m,2010-01-08,3524,0.0003834290899541303,0.0005095318059582114,0.00012610271600408112,1.2610271600408112
12m,2010-02-08,3545,0.00038266446615084856,0.0005078897125463144,0.0001252252463954658,1.252252463954658
12m,2010-03-09,3566,0.0003818674105712588,0.0005062556203303191,0.0001243882097590603,1.2438820975906029
12m,2010-04-09,3587,0.00038093119289113285,0.0005045031245299531,0.00012357193163882023,1.2357193163882023
12m,2010-05-11,3608,0.0003799432359787389,0.0005027239450155106,0.0001227807090367717,1.227807090367717
12m,2010-06-10,3629,0.0003789569625075587,0.0005009802596527023,0.00012202329714514358,1.2202329714514357
12m,2010-07-09,3650,0.0003779716321885129,0.0004992810209897281,0.00012130938880121524,1.2130938880121525
12m,2010-08-09,3671,0.0003771443923916518,0.000497836888148442,0.00012069249575679021,1.2069249575679022
12m,2010-09-08,3692,0.00037639590135086424,0.0004964487051850156,0.00012005280383415131,1.2005280383415131
12m,2010-10-07,3713,0.0003757007422320057,0.0004951279011259655,0.00011942715889395975,1.1942715889395976
12m,2010-11-05,3734,0.000375023360065817,0.0004938324922302422,0.00011880913216442518,1.1880913216442517
12m,2010-12-06,3755,0.0003743173706706033,0.0004925082358360196,0.00011819086516541626,1.1819086516541626
12m,2011-01-07,3776,0.0003734256697063253,0.0004910493640055883,0.00011762369429926296,1.1762369429926296
12m,2011-02-07,3797,0.0003723836345132058,0.0004894394465036193,0.00011705581199041346,1.1705581199041346
12m,2011-03-08,3818,0.0003712668245227017,0.0004877306359278194,0.00011646381140511766,1.1646381140511766
12m,2011-04-06,3839,0.000370190071542488,0.0004861001052179785,0.0001159100336754905,1.159100336754905
12m,2011-05-10,3860,0.0003691162263611206,0.00048444762664268543,0.00011533140028156482,1.1533140028156483
12m,2011-06-08,3881,0.0003680104706096259,0.0004827195132754076,0.00011470904266578166,1.1470904266578166
12m,2011-07-07,3902,0.0003668643517512988,0.00048094011214621263,0.0001140757603949138,1.140757603949138
12m,2011-08-05,3923,0.00036573431524273273,0.0004792078149982418,0.00011347349975550906,1.1347349975550907
12m,2011-09-06,3944,0.00036455806575265274,0.000477432772149607,0.00011287470639695428,1.1287470639695427
12m,2011-10-05,3965,0.00036333858996216115,0.0004756276235088718,0.00011228903354671067,1.1228903354671067
12m,2011-11-03,3986,0.00036211671287451956,0.0004738594790955588,0.00011174276622103921,1.1174276622103922
12m,2011-12-02,4007,0.00036091548563016673,0.00047211873334859793,0.0001112032477184312,1.112032477184312
12m,2012-01-05,4028,0.0003599106048210265,0.00047062700212366473,0.00011071639730263823,1.1071639730263823
12m,2012-02-03,4049,0.000359237288209737,0.0004695132522162757,0.00011027596400653872,1.1027596400653872
12m,2012-03-05,4070,0.00035878637194706645,0.0004685723231475919,0.00010978595120052546,1.0978595120052546
12m,2012-04-03,4091,0.00035848232854264093,0.00046775387146721204,0.00010927154292457111,1.092715429245711
12m,2012-05-04,4112,0.0003583093748858256,0.00046706339502494416,0.00010875402013911859,1.087540201391186
12m,2012-06-06,4133,0.0003582232480937801,0.00046643333437151115,0.00010821008627773108,1.0821008627773108
12m,2012-07-05,4154,0.0003581951985254525,0.00046582944867674215,0.00010763425015128966,1.0763425015128967
12m,2012-08-03,4175,0.00035823113091857625,0.00046529128981099974,0.00010706015889242349,1.0706015889242348
12m,2012-09-04,4196,0.0003583110109462222,0.00046478337959747246,0.00010647236865125024,1.0647236865125025
12m,2012-10-03,4217,0.00035847599797060397,0.000464372287182281,0.00010589628921167703,1.0589628921167704
12m,2012-11-01,4238,0.0003587350029879258,0.00046407086731553875,0.00010533586432761292,1.0533586432761293
12m,2012-11-30,4259,0.00035904280485259777,0.0004638184534182705,0.00010477564856567272,1.0477564856567272
12m,2013-01-03,4280,0.0003593820392682728,0.0004636212396927164,0.00010423920042444359,1.042392004244436
12m,2013-02-01,4301,0.0003597193668961223,0.0004634222415177011,0.00010370287462157878,1.0370287462157879
12m,2013-03-04,4322,0.00036009268267701475,0.00046325574172485773,0.00010316305904784298,1.0316305904784298
12m,2013-04-04,4343,0.00036048694499206315,0.0004630985249009404,0.00010261157990887728,1.0261157990887728
12m,2013-05-03,4364,0.0003609477734896207,0.0004630238172277224,0.00010207604373810173,1.0207604373810173
12m,2013-06-05,4385,0.0003614904479093647,0.00046305507155222007,0.00010156462364285535,1.0156462364285535
12m,2013-07-04,4406,0.00036208616889138353,0.00046313492245686553,0.000101048753565482,1.01048753565482
12m,2013-08-02,4427,0.00036273769872620246,0.0004632799874612528,0.00010054228873505031,1.0054228873505031
12m,2013-09-03,4448,0.00036347035678385985,0.0004635155867396736,0.00010004522995581377,1.0004522995581377
12m,2013-10-02,4469,0.0003641697836331814,0.00046369768279657183,9.952789916339042e-05,0.9952789916339042
12m,2013-10-31,4490,0.0003647978094946298,0.0004637897588590374,9.89919493644076e-05,0.989919493644076
12m,2013-11-29,4511,0.00036542816092924394,0.00046390203567561153,9.847387474636759e-05,0.9847387474636758
12m,2014-01-02,4532,0.0003660923090759387,0.0004640568029969932,9.796449392105447e-05,0.9796449392105447
12m,2014-01-31,4553,0.00036679710755621565,0.00046426566173250305,9.74685541762874e-05,0.974685541762874
12m,2014-03-03,4574,0.0003674982019473899,0.0004643357985511334,9.683759660374347e-05,0.9683759660374347
12m,2014-04-01,4595,0.0003681720008246625,0.00046425501612075204,9.608301529608954e-05,0.9608301529608955
12m,2014-05-02,4616,0.0003688062442331971,0.00046401725364632915,9.521100941313205e-05,0.9521100941313205
12m,2014-06-02,4637,0.0003693887772045624,0.00046361348205445666,9.422470484989428e-05,0.9422470484989428
12m,2014-07-01,4658,0.00036993787631486093,0.0004630260265371866,9.308815022232564e-05,0.9308815022232564
12m,2014-07-30,4679,0.0003704713938278983,0.00046253771751676693,9.206632368886865e-05,0.9206632368886865
12m,2014-08-28,4700,0.00037091940021807097,0.0004619571420572058,9.103774183913486e-05,0.9103774183913486
12m,2014-09-26,4721,0.0003714139673757673,0.00046139281590984184,8.997884853407455e-05,0.8997884853407454
12m,2014-10-27,4742,0.0003719904001800517,0.0004610646307246996,8.90742305446479e-05,0.890742305446479
12m,2014-11-25,4763,0.00037258780966060746,0.0004606366261505439,8.804881648993645e-05,0.8804881648993644
12m,2014-12-24,4784,0.00037317349212791966,0.0004600592859017317,8.688579377381207e-05,0.8688579377381207
12m,2015-01-26,4805,0.00037367659680471695,0.0004594707993009529,8.579420249623596e-05,0.8579420249623596
12m,2015-02-24,4826,0.00037404005589106436,0.00045882089024077154,8.478083434970717e-05,0.8478083434970718
12m,2015-03-25,4847,0.0003743444159458097,0.0004581003254260349,8.375590948022521e-05,0.8375590948022521
12m,2015-04-24,4868,0.0003746005676973881,0.00045728146983385295,8.268090213646483e-05,0.8268090213646483
12m,2015-05-25,4889,0.0003748355788464616,0.00045636019157567617,8.152461272921456e-05,0.8152461272921456
12m,2015-06-23,4910,0.00037499950461370536,0.0004552467011459364,8.024719653223106e-05,0.8024719653223106
12m,2015-07-22,4931,0.0003751010654529211,0.0004540181389614762,7.891707350855511e-05,0.7891707350855511
12m,2015-08-20,4952,0.00037515407302058897,0.0004526495883852732,7.749551536468421e-05,0.7749551536468421
12m,2015-09-18,4973,0.00037518193771116494,0.00045117936050504114,7.59974227938762e-05,0.759974227938762
12m,2015-10-19,4994,0.00037514622563141733,0.00044952143253661035,7.437520690519302e-05,0.7437520690519301
12m,2015-11-17,5015,0.0003750823103471169,0.00044783558450408266,7.275327415696574e-05,0.7275327415696574
12m,2015-12-16,5036,0.0003749069349505151,0.0004467255005353466,7.181856558483149e-05,0.7181856558483148
12m,2016-01-18,5057,0.0003746698393620655,0.00044576466117994236,7.109482181787689e-05,0.7109482181787689
12m,2016-02-16,5078,0.0003745065798863459,0.00044425585373120266,6.974927384485676e-05,0.6974927384485675
12m,2016-03-16,5099,0.00037433374952455925,0.0004429557055631852,6.862195603862597e-05,0.6862195603862598
12m,2016-04-18,5120,0.0003740570347771725,0.00044160174814781417,6.75447133706417e-05,0.675447133706417
12m,2016-05-17,5141,0.00037359352034626773,0.00044022702272936636,6.663350238309863e-05,0.6663350238309863
12m,2016-06-15,5162,0.0003729723262684382,0.00043883601299057174,6.586368672213352e-05,0.6586368672213352
12m,2016-07-14,5183,0.0003722503440664183,0.00043751607381861056,6.526572975219227e-05,0.6526572975219227
12m,2016-08-12,5204,0.00037148337290255365,0.0004362699774359872,6.478660453343357e-05,0.6478660453343357
12m,2016-09-12,5225,0.0003706394635303274,0.0004349797822046897,6.434031867436231e-05,0.6434031867436232
12m,2016-10-11,5246,0.00036977073688081966,0.0004336653649057007,6.389462802488106e-05,0.6389462802488106
12m,2016-11-09,5267,0.00036890583460004944,0.00043244471376889656,6.353887916884713e-05,0.6353887916884713
12m,2016-12-08,5288,0.00036803235756458164,0.00043121421663041247,6.318185906583083e-05,0.6318185906583084
12m,2017-01-09,5309,0.00036720788262477116,0.000430073384453232,6.286550182846084e-05,0.6286550182846085
12m,2017-02-07,5330,0.0003663376083164817,0.00042884436412153837,6.250675580505666e-05,0.6250675580505666
12m,2017-03-08,5351,0.0003654639480091625,0.0004275117544417316,6.204780643256908e-05,0.6204780643256907
12m,2017-04-06,5372,0.00036459434416660503,0.00042618244168587905,6.158809751927402e-05,0.6158809751927402
12m,2017-05-10,5393,0.0003638592306582337,0.00042495888666685275,6.109965600861907e-05,0.6109965600861906
12m,2017-06-09,5414,0.00036321153612280826,0.0004238589740762662,6.064743795345794e-05,0.6064743795345794
12m,2017-07-10,5435,0.0003625840433189658,0.00042282169134332605,6.023764802436023e-05,0.6023764802436024
12m,2017-08-08,5456,0.00036182860028450436,0.00042163932552127304,5.981072523676868e-05,0.5981072523676868
12m,2017-09-07,5477,0.0003610960253292328,0.0004205568499494506,5.9460824620217816e-05,0.5946082462021781
12m,2017-10-06,5498,0.0003602367558619417,0.0004194124007252258,5.91756448632841e-05,0.5917564486328409
12m,2017-11-06,5519,0.00035932020249182143,0.00041824158284144516,5.892138034962373e-05,0.5892138034962373
12m,2017-12-05,5540,0.0003583560072392003,0.0004170882790948603,5.873227185566003e-05,0.5873227185566003
12m,2018-01-05,5561,0.00035749893419314833,0.00041610422379929495,5.860528960614661e-05,0.5860528960614662
12m,2018-02-05,5582,0.00035664096648545674,0.0004151136783028063,5.8472711817349535e-05,0.5847271181734953
12m,2018-03-06,5603,0.0003557687190521676,0.0004140458152073239,5.827709615515629e-05,0.5827709615515629
12m,2018-04-06,5624,0.00035501775848866983,0.0004130869871961549,5.806922870748508e-05,0.5806922870748508
12m,2018-05-08,5645,0.00035431563330731833,0.0004121461416462179,5.7830508338899546e-05,0.5783050833889954
12m,2018-06-06,5666,0.00035363901490680446,0.0004111376376886079,5.749862278180346e-05,0.5749862278180347
12m,2018-07-05,5687,0.00035312853325990864,0.0004102453224252276,5.7116789165318935e-05,0.5711678916531894
12m,2018-08-03,5708,0.0003526457156963149,0.0004093828154849329,5.6737099788618025e-05,0.5673709978861803
12m,2018-09-04,5729,0.0003521699671804216,0.0004085373968596288,5.636742967920724e-05,0.5636742967920724
12m,2018-10-03,5750,0.00035176200931060604,0.00040758343044181017,5.5821421131204134e-05,0.5582142113120413
12m,2018-11-01,5771,0.00035145960264889236,0.0004066990349169104,5.523943226801804e-05,0.5523943226801804
12m,2018-11-30,5792,0.00035097962499361607,0.0004057413474433425,5.476172244972641e-05,0.5476172244972641
12m,2019-01-02,5813,0.00035070735028680934,0.00040491617553200344,5.42088252451941e-05,0.542088252451941
12m,2019-01-31,5834,0.00035033922007968063,0.00040414146781011417,5.3802247730433536e-05,0.5380224773043354
12m,2019-03-01,5855,0.0003498429067023698,0.00040327436811116613,5.343146140879631e-05,0.5343146140879631
12m,2019-04-01,5876,0.0003492152758527424,0.00040227492242785116,5.305964657510877e-05,0.5305964657510877
12m,2019-05-02,5897,0.00034853151288117195,0.0004012581857371091,5.2726672855937155e-05,0.5272667285593715
12m,2019-06-04,5918,0.0003480225973685789,0.0004004228440186247,5.240024665004579e-05,0.5240024665004579
12m,2019-07-03,5939,0.0003472733383458229,0.00039936957705138823,5.209623870556531e-05,0.5209623870556531
12m,2019-08-01,5960,0.000346594530877654,0.00039839844376905585,5.1803912891401854e-05,0.5180391289140186
12m,2019-09-02,5981,0.000345803898900854,0.0003973683597603192,5.156446085946521e-05,0.5156446085946521
12m,2019-10-01,6002,0.000344843063634655,0.0003961552522650077,5.1312188630352684e-05,0.5131218863035268
12m,2019-10-30,6023,0.00034389774644124103,0.0003948737540506851,5.097600760944405e-05,0.5097600760944405
12m,2019-11-28,6044,0.00034289592916803577,0.0003936193529537146,5.0723423785678826e-05,0.5072342378567882
12m,2019-12-31,6065,0.00034179027478440185,0.0003941059467351008,5.231567195069896e-05,0.5231567195069896
12m,2020-01-30,6086,0.0003406788562974723,0.00039498092858164237,5.4302072284170074e-05,0.5430207228417008
12m,2020-02-28,6107,0.0003396031249576252,0.0003945370371558756,5.493391219825038e-05,0.5493391219825038
12m,2020-03-30,6128,0.0003385536065400211,0.000394253391821884,5.569978528186285e-05,0.5569978528186285
12m,2020-04-30,6149,0.0003375465783284331,0.00039300717244184646,5.5460594113413374e-05,0.5546059411341338
12m,2020-06-02,6170,0.00033659216860020696,0.0003918379680552009,5.524579945499395e-05,0.5524579945499395
12m,2020-07-01,6191,0.0003357182107192619,0.00039075846632318216,5.504025560392026e-05,0.5504025560392026
12m,2020-07-30,6212,0.0003349139398777513,0.0003897483460245572,5.483440614680588e-05,0.5483440614680588
12m,2020-08-28,6233,0.00033420844649458567,0.00038888691989058045,5.4678473395994775e-05,0.5467847339599478
12m,2020-09-29,6254,0.0003336080313578137,0.00038817313817025525,5.456510681244156e-05,0.5456510681244156
12m,2020-10-28,6275,0.0003330770049963933,0.0003876039248895201,5.4526919893126786e-05,0.5452691989312679
12m,2020-11-26,6296,0.00033259468451518165,0.00038710258215309175,5.45078976379101e-05,0.545078976379101
12m,2020-12-29,6317,0.0003321304649175007,0.0003865753905885586,5.4444925671057935e-05,0.5444492567105793
12m,2021-01-28,6338,0.0003317391647518037,0.0003861006603346552,5.436149558285151e-05,0.543614955828515
12m,2021-02-26,6359,0.0003313713460100398,0.000385649115252094,5.4277769242054206e-05,0.5427776924205421
12m,2021-03-29,6380,0.0003309946359004677,0.0003851586463190541,5.4164010418586395e-05,0.541640104185864
12m,2021-04-29,6401,0.00033061358443031334,0.0003846554636233744,5.404187919306108e-05,0.5404187919306108
12m,2021-06-01,6422,0.000330182666925272,0.00038407107727130377,5.388841034603177e-05,0.5388841034603177
12m,2021-06-30,6443,0.00032973905387964457,0.0003834581777027416,5.3719123823097045e-05,0.5371912382309705
12m,2021-07-29,6464,0.0003292883608637079,0.0003828486687558276,5.35603078921197e-05,0.535603078921197
12m,2021-08-27,6485,0.0003288347782585619,0.0003822561727614726,5.34213945029107e-05,0.534213945029107
12m,2021-09-28,6506,0.00032833273488003695,0.00038162411947545243,5.329138459541548e-05,0.5329138459541548
12m,2021-10-27,6527,0.00032781339972607596,0.0003810155402455054,5.320214051942945e-05,0.5320214051942945
12m,2021-11-25,6548,0.0003272799216902466,0.0003804011347800824,5.3121213089835756e-05,0.5312121308983576
12m,2021-12-28,6569,0.00032677562880153326,0.00037981110708856585,5.303547828703259e-05,0.5303547828703259
12m,2022-01-27,6590,0.0003263076931986614,0.0003792542085149962,5.29465153163348e-05,0.529465153163348
12m,2022-02-25,6611,0.00032587830896314363,0.0003787379928731633,5.2859683910019644e-05,0.5285968391001964
12m,2022-03-28,6632,0.0003254465327773199,0.0003782215575391208,5.277502476180092e-05,0.5277502476180093
12m,2022-04-28,6653,0.00032503374133286794,0.00037774511312029825,5.2711371787430314e-05,0.5271137178743032
12m,2022-05-30,6674,0.00032465182419075516,0.00037729642059449445,5.2644596403739294e-05,0.526445964037393
12m,2022-06-30,6695,0.00032425439953260275,0.0003768218209177038,5.2567421385101075e-05,0.5256742138510108
12m,2022-07-29,6716,0.00032383711354130797,0.0003763419351606691,5.2504821619361126e-05,0.5250482161936113
12m,2022-08-30,6737,0.0003234093813162245,0.000375890429700807,5.2481048384582475e-05,0.5248104838458247
12m,2022-09-29,6758,0.0003229803490428287,0.0003754371999396917,5.245685089686299e-05,0.5245685089686299
12m,2022-10-28,6779,0.0003225835208377382,0.0003749503038109436,5.23667829732054e-05,0.5236678297320541
12m,2022-11-28,6800,0.00032218693225742926,0.0003744186461748272,5.223171391739793e-05,0.5223171391739793
12m,2022-12-29,6821,0.0003218172314534763,0.00037390018998037516,5.2082958526898865e-05,0.5208295852689887
12m,2023-01-30,6842,0.0003214033365572997,0.0003733424959839188,5.1939159426619074e-05,0.5193915942661907
12m,2023-02-28,6863,0.00032079165173702384,0.00037258680651226176,5.1795154775237915e-05,0.5179515477523792
12m,2023-03-29,6884,0.00031991282045812505,0.0003715629016474496,5.165008118932456e-05,0.5165008118932456
12m,2023-05-02,6905,0.0003246714812703739,0.0003765209775819736,5.18494963115997e-05,0.518494963115997
12m,2023-06-02,6926,0.00033898587495840893,0.00039124092822566365,5.225505326725472e-05,0.5225505326725473
12m,2023-07-03,6947,0.00036020928000981384,0.00041307867417116734,5.28693941613535e-05,0.528693941613535
12m,2023-08-01,6968,0.0003875872802934785,0.00044129142096974427,5.370414067626579e-05,0.5370414067626579
12m,2023-08-31,6989,0.0004188992708455384,0.00047355112953617785,5.465185869063944e-05,0.5465185869063944
12m,2023-09-29,7010,0.00045395221111528143,0.0005095775741007224,5.562536298544092e-05,0.5562536298544092
12m,2023-10-30,7031,0.000492862576757094,0.0005495548725783886,5.669229582129466e-05,0.5669229582129466
12m,2023-11-28,7052,0.0005355843525799366,0.0005933477882059343,5.7763435625997686e-05,0.5776343562599768
12m,2023-12-29,7073,0.0005831411724917608,0.0006418785823526857,5.8737409860924934e-05,0.5873740986092494
12m,2024-01-30,7094,0.0006338760760379413,0.0006935683854417818,5.969230940384052e-05,0.5969230940384052
12m,2024-02-28,7115,0.0006847360461418114,0.0007457966828152061,6.106063667339471e-05,0.6106063667339471
12m,2024-03-28,7136,0.0007326083335597668,0.0007958713666086877,6.326303304892095e-05,0.6326303304892095
12m,2024-04-30,7157,0.0007781034798402485,0.0008437196881590246,6.561620831877608e-05,0.6561620831877608
12m,2024-05-31,7178,0.0008148752531797442,0.0008822211082395175,6.734585505977332e-05,0.6734585505977333
12m,2024-07-01,7199,0.0008536475192239914,0.000920753446605054,6.71059273810626e-05,0.671059273810626
12m,2024-07-30,7220,0.0008895514673839582,0.0009560829611363613,6.65314937524031e-05,0.665314937524031
12m,2024-08-29,7241,0.0009239354774573463,0.0009824926243007718,5.855714684342554e-05,0.5855714684342553
12m,2024-09-27,7262,0.0009558874163148001,0.0009936911500047763,3.780373368997617e-05,0.37803733689976166
12m,2024-10-28,7283,0.0009932194970865048,0.001001083737555028,7.864240468523137e-06,0.07864240468523137
12m,2024-11-26,7304,0.001037012301720319,0.001006115859401683,-3.089644231863602e-05,-0.3089644231863602
