,σ_daily,σ_weekly,σ_monthly,Target 1d,Target 1w,Target 1m,Target 3m,Target 6m,Target 12m
σ_daily,1.0,0.6652900010969094,0.5162986875335464,0.3703419301778137,0.4532343225791597,0.45061181251224447,0.43387600007807336,0.4033254930954946,0.37447451089096384
σ_weekly,0.6652900010969094,1.0,0.7856525987680135,0.45316635720084253,0.6034417347398051,0.6308067759042706,0.6229970589976808,0.5832035778670656,0.5444815759525037
σ_monthly,0.5162986875335464,0.7856525987680135,1.0,0.45086548103013546,0.631046119531517,0.7133253067294264,0.7341119358428959,0.69535247851088,0.6558531366388926
Target 1d,0.3703419301778137,0.45316635720084253,0.45086548103013546,1.0,0.6654149956107458,0.5168496066692738,0.45865080626757315,0.4174151191782237,0.3821419733415386
Target 1w,0.4532343225791597,0.6034417347398051,0.631046119531517,0.6654149956107458,1.0,0.7864981750919541,0.6857212154889712,0.6216061277602252,0.5664403955932448
Target 1m,0.45061181251224447,0.6308067759042706,0.7133253067294264,0.5168496066692738,0.7864981750919541,1.0,0.8819744120286385,0.7983306508462334,0.7204724396672758
Target 3m,0.43387600007807336,0.6229970589976808,0.7341119358428959,0.45865080626757315,0.6857212154889712,0.8819744120286385,1.0,0.9368149330565785,0.8420033463051496
Target 6m,0.4033254930954946,0.5832035778670656,0.69535247851088,0.4174151191782237,0.6216061277602252,0.7983306508462334,0.9368149330565785,1.0,0.9285339419655243
Target 12m,0.37447451089096384,0.5444815759525037,0.6558531366388926,0.3821419733415386,0.5664403955932448,0.7204724396672758,0.8420033463051496,0.9285339419655243,1.0
