Date,Year,Month,nino34_raw,nino34
1960-01-01,1960,1,26.27,-0.27433333333333465
1960-02-01,1960,2,26.29,-0.46233333333333704
1960-03-01,1960,3,26.98,-0.3030000000000008
1960-04-01,1960,4,27.49,-0.3286666666666669
1960-05-01,1960,5,27.68,-0.25333333333333385
1960-06-01,1960,6,27.24,-0.48666666666666814
1960-07-01,1960,7,26.88,-0.413333333333334
1960-08-01,1960,8,26.7,-0.15500000000000114
1960-09-01,1960,9,26.44,-0.2786666666666626
1960-10-01,1960,10,26.22,-0.49633333333333596
1960-11-01,1960,11,26.26,-0.44266666666666765
1960-12-01,1960,12,26.22,-0.37900000000000134
1961-01-01,1961,1,26.23,-0.3143333333333338
1961-02-01,1961,2,26.56,-0.19233333333333746
1961-03-01,1961,3,26.94,-0.34299999999999997
1961-04-01,1961,4,27.36,-0.4586666666666659
1961-05-01,1961,5,27.75,-0.18333333333333357
1961-06-01,1961,6,27.67,-0.05666666666666487
1961-07-01,1961,7,26.89,-0.40333333333333243
1961-08-01,1961,8,26.19,-0.6649999999999991
1961-09-01,1961,9,25.78,-0.9386666666666628
1961-10-01,1961,10,25.71,-1.006333333333334
1961-11-01,1961,11,26.07,-0.6326666666666689
1961-12-01,1961,12,25.97,-0.6290000000000013
1962-01-01,1962,1,25.96,-0.5843333333333334
1962-02-01,1962,2,26.19,-0.5623333333333349
1962-03-01,1962,3,26.8,-0.48300000000000054
1962-04-01,1962,4,27.13,-0.6886666666666663
1962-05-01,1962,5,27.05,-0.8833333333333329
1962-06-01,1962,6,27.08,-0.6466666666666683
1962-07-01,1962,7,26.76,-0.5333333333333314
1962-08-01,1962,8,26.33,-0.5250000000000021
1962-09-01,1962,9,25.94,-0.7786666666666626
1962-10-01,1962,10,25.97,-0.746333333333336
1962-11-01,1962,11,25.75,-0.9526666666666692
1962-12-01,1962,12,25.67,-0.9289999999999985
1963-01-01,1963,1,25.77,-0.7743333333333347
1963-02-01,1963,2,26.22,-0.5323333333333373
1963-03-01,1963,3,27.18,-0.10300000000000153
1963-04-01,1963,4,27.78,-0.038666666666664185
1963-05-01,1963,5,27.63,-0.30333333333333456
1963-06-01,1963,6,27.62,-0.10666666666666558
1963-07-01,1963,7,27.78,0.48666666666666814
1963-08-01,1963,8,27.48,0.625
1963-09-01,1963,9,27.4,0.6813333333333347
1963-10-01,1963,10,27.36,0.6436666666666646
1963-11-01,1963,11,27.47,0.7673333333333296
1963-12-01,1963,12,27.62,1.0210000000000008
1964-01-01,1964,1,27.34,0.7956666666666656
1964-02-01,1964,2,27.13,0.3776666666666628
1964-03-01,1964,3,27.02,-0.2630000000000017
1964-04-01,1964,4,26.95,-0.868666666666666
1964-05-01,1964,5,26.82,-1.1133333333333333
1964-06-01,1964,6,26.59,-1.1366666666666667
1964-07-01,1964,7,26.33,-0.9633333333333347
1964-08-01,1964,8,25.6,-1.254999999999999
1964-09-01,1964,9,25.32,-1.3986666666666636
1964-10-01,1964,10,25.37,-1.3463333333333338
1964-11-01,1964,11,25.26,-1.4426666666666677
1964-12-01,1964,12,25.23,-1.3689999999999998
1965-01-01,1965,1,25.66,-0.8843333333333341
1965-02-01,1965,2,26.19,-0.5623333333333349
1965-03-01,1965,3,26.94,-0.34299999999999997
1965-04-01,1965,4,27.38,-0.4386666666666663
1965-05-01,1965,5,27.99,0.05666666666666487
1965-06-01,1965,6,28.09,0.3633333333333333
1965-07-01,1965,7,27.9,0.6066666666666656
1965-08-01,1965,8,27.97,1.1149999999999984
1965-09-01,1965,9,28.01,1.2913333333333377
1965-10-01,1965,10,28.17,1.4536666666666669
1965-11-01,1965,11,28.12,1.4173333333333318
1965-12-01,1965,12,27.96,1.3610000000000007
1966-01-01,1966,1,27.67,1.1256666666666675
1966-02-01,1966,2,27.55,0.7976666666666645
1966-03-01,1966,3,28.21,0.9269999999999996
1966-04-01,1966,4,28.16,0.3413333333333348
1966-05-01,1966,5,27.55,-0.38333333333333286
1966-06-01,1966,6,27.64,-0.086666666666666
1966-07-01,1966,7,27.33,0.03666666666666529
1966-08-01,1966,8,26.48,-0.375
1966-09-01,1966,9,26.27,-0.4486666666666643
1966-10-01,1966,10,26.22,-0.49633333333333596
1966-11-01,1966,11,26.23,-0.4726666666666688
1966-12-01,1966,12,26.03,-0.5689999999999991
1967-01-01,1967,1,25.88,-0.6643333333333352
1967-02-01,1967,2,26.11,-0.6423333333333368
1967-03-01,1967,3,26.5,-0.7830000000000013
1967-04-01,1967,4,26.74,-1.0786666666666669
1967-05-01,1967,5,27.35,-0.5833333333333321
1967-06-01,1967,6,27.47,-0.2566666666666677
1967-07-01,1967,7,26.97,-0.32333333333333414
1967-08-01,1967,8,26.44,-0.41499999999999915
1967-09-01,1967,9,25.86,-0.8586666666666645
1967-10-01,1967,10,25.97,-0.746333333333336
1967-11-01,1967,11,26.08,-0.6226666666666709
1967-12-01,1967,12,25.95,-0.6490000000000009
1968-01-01,1968,1,25.69,-0.854333333333333
1968-02-01,1968,2,25.68,-1.0723333333333365
1968-03-01,1968,3,26.33,-0.953000000000003
1968-04-01,1968,4,27.1,-0.7186666666666639
1968-05-01,1968,5,27.19,-0.7433333333333323
1968-06-01,1968,6,27.88,0.15333333333333243
1968-07-01,1968,7,27.58,0.2866666666666653
1968-08-01,1968,8,27.01,0.15500000000000114
1968-09-01,1968,9,26.72,0.0013333333333349628
1968-10-01,1968,10,26.75,0.03366666666666518
1968-11-01,1968,11,27.2,0.4973333333333301
1968-12-01,1968,12,27.27,0.6709999999999994
1969-01-01,1969,1,27.5,0.9556666666666658
1969-02-01,1969,2,27.86,1.1076666666666632
1969-03-01,1969,3,27.82,0.536999999999999
1969-04-01,1969,4,28.13,0.3113333333333337
1969-05-01,1969,5,28.29,0.3566666666666656
1969-06-01,1969,6,27.69,-0.03666666666666529
1969-07-01,1969,7,27.08,-0.2133333333333347
1969-08-01,1969,8,27.02,0.16499999999999915
1969-09-01,1969,9,27.15,0.4313333333333347
1969-10-01,1969,10,27.34,0.623666666666665
1969-11-01,1969,11,27.1,0.3973333333333322
1969-12-01,1969,12,26.98,0.3810000000000002
1970-01-01,1970,1,26.83,0.28566666666666407
1970-02-01,1970,2,26.95,0.1976666666666631
1970-03-01,1970,3,27.14,-0.14300000000000068
1970-04-01,1970,4,27.74,-0.07866666666666688
1970-05-01,1970,5,27.63,-0.30333333333333456
1970-06-01,1970,6,27.04,-0.6866666666666674
1970-07-01,1970,7,26.21,-1.0833333333333321
1970-08-01,1970,8,25.6,-1.254999999999999
1970-09-01,1970,9,25.65,-1.0686666666666653
1970-10-01,1970,10,25.6,-1.1163333333333334
1970-11-01,1970,11,25.57,-1.132666666666669
1970-12-01,1970,12,25.27,-1.3290000000000006
1971-01-01,1971,1,24.81,-1.7343333333333355
1971-02-01,1971,2,25.18,-1.5723333333333365
1971-03-01,1971,3,25.92,-1.3629999999999995
1971-04-01,1971,4,26.63,-1.1886666666666663
1971-05-01,1971,5,26.95,-0.9833333333333343
1971-06-01,1971,6,26.6,-1.1266666666666652
1971-07-01,1971,7,26.13,-1.163333333333334
1971-08-01,1971,8,25.75,-1.1050000000000004
1971-09-01,1971,9,25.72,-0.998666666666665
1971-10-01,1971,10,25.47,-1.246333333333336
1971-11-01,1971,11,25.56,-1.1426666666666705
1971-12-01,1971,12,25.37,-1.2289999999999992
1972-01-01,1972,1,25.62,-0.9243333333333332
1972-02-01,1972,2,26.3,-0.4523333333333355
1972-03-01,1972,3,27.09,-0.1930000000000014
1972-04-01,1972,4,27.89,0.07133333333333525
1972-05-01,1972,5,28.32,0.3866666666666667
1972-06-01,1972,6,28.18,0.45333333333333314
1972-07-01,1972,7,28.14,0.8466666666666676
1972-08-01,1972,8,27.95,1.0949999999999989
1972-09-01,1972,9,27.95,1.2313333333333354
1972-10-01,1972,10,28.26,1.5436666666666667
1972-11-01,1972,11,28.61,1.9073333333333302
1972-12-01,1972,12,28.69,2.091000000000001
1973-01-01,1973,1,28.34,1.7956666666666656
1973-02-01,1973,2,27.95,1.197666666666663
1973-03-01,1973,3,27.55,0.26699999999999946
1973-04-01,1973,4,27.24,-0.5786666666666669
1973-05-01,1973,5,26.96,-0.9733333333333327
1973-06-01,1973,6,26.55,-1.1766666666666659
1973-07-01,1973,7,25.76,-1.5333333333333314
1973-08-01,1973,8,25.22,-1.6350000000000016
1973-09-01,1973,9,25.06,-1.6586666666666652
1973-10-01,1973,10,24.73,-1.9863333333333344
1973-11-01,1973,11,24.33,-2.372666666666671
1973-12-01,1973,12,24.33,-2.269000000000002
1974-01-01,1974,1,24.46,-2.0843333333333334
1974-02-01,1974,2,25.1,-1.6523333333333348
1974-03-01,1974,3,25.84,-1.4430000000000014
1974-04-01,1974,4,26.46,-1.3586666666666645
1974-05-01,1974,5,26.64,-1.293333333333333
1974-06-01,1974,6,26.53,-1.1966666666666654
1974-07-01,1974,7,26.39,-0.9033333333333324
1974-08-01,1974,8,26.33,-0.5250000000000021
1974-09-01,1974,9,26.08,-0.6386666666666656
1974-10-01,1974,10,25.78,-0.9363333333333337
1974-11-01,1974,11,25.61,-1.0926666666666698
1974-12-01,1974,12,25.63,-0.9690000000000012
1975-01-01,1975,1,26.09,-0.45433333333333437
1975-02-01,1975,2,26.07,-0.6823333333333359
1975-03-01,1975,3,26.19,-1.093
1975-04-01,1975,4,26.86,-0.9586666666666659
1975-05-01,1975,5,26.8,-1.1333333333333329
1975-06-01,1975,6,26.23,-1.4966666666666661
1975-07-01,1975,7,25.9,-1.3933333333333344
1975-08-01,1975,8,25.33,-1.5250000000000021
1975-09-01,1975,9,25.05,-1.6686666666666632
1975-10-01,1975,10,24.89,-1.8263333333333343
1975-11-01,1975,11,25.05,-1.6526666666666685
1975-12-01,1975,12,24.67,-1.9289999999999985
1976-01-01,1976,1,24.54,-2.004333333333335
1976-02-01,1976,2,25.49,-1.2623333333333377
1976-03-01,1976,3,26.46,-0.8230000000000004
1976-04-01,1976,4,26.88,-0.9386666666666663
1976-05-01,1976,5,27.2,-0.7333333333333343
1976-06-01,1976,6,27.35,-0.37666666666666515
1976-07-01,1976,7,27.13,-0.163333333333334
1976-08-01,1976,8,26.98,0.125
1976-09-01,1976,9,27.02,0.3013333333333357
1976-10-01,1976,10,27.46,0.743666666666666
1976-11-01,1976,11,27.41,0.7073333333333309
1976-12-01,1976,12,27.09,0.49099999999999966
1977-01-01,1977,1,27.32,0.7756666666666661
1977-02-01,1977,2,27.13,0.3776666666666628
1977-03-01,1977,3,27.47,0.1869999999999976
1977-04-01,1977,4,27.44,-0.37866666666666404
1977-05-01,1977,5,27.72,-0.2133333333333347
1977-06-01,1977,6,27.74,0.013333333333331865
1977-07-01,1977,7,27.38,0.086666666666666
1977-08-01,1977,8,26.85,-0.004999999999999005
1977-09-01,1977,9,27.12,0.4013333333333371
1977-10-01,1977,10,27.35,0.6336666666666666
1977-11-01,1977,11,27.19,0.48733333333333206
1977-12-01,1977,12,27.29,0.690999999999999
1978-01-01,1978,1,27.17,0.6256666666666675
1978-02-01,1978,2,27.0,0.24766666666666382
1978-03-01,1978,3,27.09,-0.1930000000000014
1978-04-01,1978,4,27.12,-0.6986666666666643
1978-05-01,1978,5,27.2,-0.7333333333333343
1978-06-01,1978,6,27.02,-0.706666666666667
1978-07-01,1978,7,26.74,-0.5533333333333346
1978-08-01,1978,8,26.07,-0.7850000000000001
1978-09-01,1978,9,26.01,-0.7086666666666623
1978-10-01,1978,10,26.25,-0.4663333333333348
1978-11-01,1978,11,26.33,-0.3726666666666709
1978-12-01,1978,12,26.54,-0.05900000000000105
1979-01-01,1979,1,26.41,-0.13433333333333408
1979-02-01,1979,2,26.53,-0.22233333333333505
1979-03-01,1979,3,27.27,-0.013000000000001677
1979-04-01,1979,4,27.83,0.011333333333332973
1979-05-01,1979,5,27.69,-0.2433333333333323
1979-06-01,1979,6,27.43,-0.29666666666666686
1979-07-01,1979,7,26.82,-0.4733333333333327
1979-08-01,1979,8,26.75,-0.10500000000000043
1979-09-01,1979,9,26.99,0.27133333333333454
1979-10-01,1979,10,26.83,0.11366666666666347
1979-11-01,1979,11,26.99,0.2873333333333292
1979-12-01,1979,12,27.11,0.5109999999999992
1980-01-01,1980,1,27.08,0.5356666666666641
1980-02-01,1980,2,26.97,0.21766666666666268
1980-03-01,1980,3,27.31,0.02699999999999747
1980-04-01,1980,4,27.75,-0.06866666666666532
1980-05-01,1980,5,28.01,0.07666666666666799
1980-06-01,1980,6,27.94,0.2133333333333347
1980-07-01,1980,7,27.23,-0.06333333333333258
1980-08-01,1980,8,26.48,-0.375
1980-09-01,1980,9,26.44,-0.2786666666666626
1980-10-01,1980,10,26.46,-0.25633333333333397
1980-11-01,1980,11,26.6,-0.1026666666666678
1980-12-01,1980,12,26.65,0.05099999999999838
1981-01-01,1981,1,26.18,-0.3643333333333345
1981-02-01,1981,2,26.11,-0.6423333333333368
1981-03-01,1981,3,26.64,-0.6430000000000007
1981-04-01,1981,4,27.29,-0.5286666666666662
1981-05-01,1981,5,27.36,-0.5733333333333341
1981-06-01,1981,6,27.27,-0.456666666666667
1981-07-01,1981,7,26.65,-0.6433333333333344
1981-08-01,1981,8,26.33,-0.5250000000000021
1981-09-01,1981,9,26.53,-0.18866666666666276
1981-10-01,1981,10,26.42,-0.2963333333333331
1981-11-01,1981,11,26.29,-0.41266666666667007
1981-12-01,1981,12,26.4,-0.19900000000000162
1982-01-01,1982,1,26.67,0.12566666666666748
1982-02-01,1982,2,26.59,-0.16233333333333633
1982-03-01,1982,3,27.41,0.1269999999999989
1982-04-01,1982,4,28.03,0.21133333333333582
1982-05-01,1982,5,28.39,0.456666666666667
1982-06-01,1982,6,28.26,0.533333333333335
1982-07-01,1982,7,27.66,0.36666666666666714
1982-08-01,1982,8,27.58,0.7249999999999979
1982-09-01,1982,9,28.21,1.491333333333337
1982-10-01,1982,10,28.71,1.993666666666666
1982-11-01,1982,11,28.62,1.9173333333333318
1982-12-01,1982,12,28.8,2.2010000000000005
1983-01-01,1983,1,28.89,2.3456666666666663
1983-02-01,1983,2,28.69,1.937666666666665
1983-03-01,1983,3,28.66,1.376999999999999
1983-04-01,1983,4,28.77,0.9513333333333343
1983-05-01,1983,5,28.84,0.9066666666666663
1983-06-01,1983,6,28.27,0.543333333333333
1983-07-01,1983,7,27.18,-0.11333333333333329
1983-08-01,1983,8,26.59,-0.26500000000000057
1983-09-01,1983,9,26.2,-0.5186666666666646
1983-10-01,1983,10,25.56,-1.156333333333336
1983-11-01,1983,11,25.41,-1.292666666666669
1983-12-01,1983,12,25.57,-1.029
1984-01-01,1984,1,25.88,-0.6643333333333352
1984-02-01,1984,2,26.56,-0.19233333333333746
1984-03-01,1984,3,26.77,-0.5130000000000017
1984-04-01,1984,4,27.14,-0.6786666666666648
1984-05-01,1984,5,27.2,-0.7333333333333343
1984-06-01,1984,6,26.83,-0.8966666666666683
1984-07-01,1984,7,26.79,-0.5033333333333339
1984-08-01,1984,8,26.61,-0.245000000000001
1984-09-01,1984,9,26.38,-0.3386666666666649
1984-10-01,1984,10,26.04,-0.6763333333333357
1984-11-01,1984,11,25.52,-1.1826666666666696
1984-12-01,1984,12,25.25,-1.3490000000000002
1985-01-01,1985,1,25.38,-1.1643333333333352
1985-02-01,1985,2,26.03,-0.722333333333335
1985-03-01,1985,3,26.5,-0.7830000000000013
1985-04-01,1985,4,26.64,-1.1786666666666648
1985-05-01,1985,5,26.9,-1.033333333333335
1985-06-01,1985,6,26.81,-0.9166666666666679
1985-07-01,1985,7,26.56,-0.7333333333333343
1985-08-01,1985,8,26.3,-0.5549999999999997
1985-09-01,1985,9,26.02,-0.6986666666666643
1985-10-01,1985,10,26.23,-0.4863333333333344
1985-11-01,1985,11,26.33,-0.3726666666666709
1985-12-01,1985,12,26.19,-0.4089999999999989
1986-01-01,1986,1,25.89,-0.6543333333333337
1986-02-01,1986,2,26.05,-0.7023333333333355
1986-03-01,1986,3,26.87,-0.41300000000000026
1986-04-01,1986,4,27.49,-0.3286666666666669
1986-05-01,1986,5,27.4,-0.533333333333335
1986-06-01,1986,6,27.42,-0.30666666666666487
1986-07-01,1986,7,27.18,-0.11333333333333329
1986-08-01,1986,8,27.17,0.3150000000000013
1986-09-01,1986,9,27.24,0.5213333333333345
1986-10-01,1986,10,27.53,0.8136666666666663
1986-11-01,1986,11,27.71,1.0073333333333316
1986-12-01,1986,12,27.72,1.1209999999999987
1987-01-01,1987,1,27.68,1.1356666666666655
1987-02-01,1987,2,27.88,1.1276666666666628
1987-03-01,1987,3,28.27,0.9869999999999983
1987-04-01,1987,4,28.39,0.5713333333333352
1987-05-01,1987,5,28.56,0.6266666666666652
1987-06-01,1987,6,28.65,0.923333333333332
1987-07-01,1987,7,28.59,1.2966666666666669
1987-08-01,1987,8,28.42,1.5650000000000013
1987-09-01,1987,9,28.36,1.6413333333333355
1987-10-01,1987,10,27.96,1.243666666666666
1987-11-01,1987,11,27.77,1.0673333333333304
1987-12-01,1987,12,27.54,0.940999999999999
1988-01-01,1988,1,27.45,0.9056666666666651
1988-02-01,1988,2,27.03,0.27766666666666495
1988-03-01,1988,3,27.38,0.09699999999999775
1988-04-01,1988,4,27.38,-0.4386666666666663
1988-05-01,1988,5,26.68,-1.2533333333333339
1988-06-01,1988,6,25.99,-1.7366666666666681
1988-07-01,1988,7,25.56,-1.7333333333333343
1988-08-01,1988,8,25.66,-1.1950000000000003
1988-09-01,1988,9,25.72,-0.998666666666665
1988-10-01,1988,10,24.82,-1.8963333333333345
1988-11-01,1988,11,24.65,-2.0526666666666706
1988-12-01,1988,12,24.63,-1.9690000000000012
1989-01-01,1989,1,24.58,-1.964333333333336
1989-02-01,1989,2,25.28,-1.472333333333335
1989-03-01,1989,3,26.08,-1.203000000000003
1989-04-01,1989,4,26.74,-1.0786666666666669
1989-05-01,1989,5,27.06,-0.8733333333333348
1989-06-01,1989,6,27.14,-0.586666666666666
1989-07-01,1989,7,26.72,-0.5733333333333341
1989-08-01,1989,8,26.33,-0.5250000000000021
1989-09-01,1989,9,26.42,-0.2986666666666622
1989-10-01,1989,10,26.32,-0.39633333333333454
1989-11-01,1989,11,26.25,-0.4526666666666692
1989-12-01,1989,12,26.46,-0.13899999999999935
1990-01-01,1990,1,26.56,0.015666666666664497
1990-02-01,1990,2,26.96,0.20766666666666467
1990-03-01,1990,3,27.33,0.046999999999997044
1990-04-01,1990,4,27.9,0.08133333333333326
1990-05-01,1990,5,28.02,0.086666666666666
1990-06-01,1990,6,27.64,-0.086666666666666
1990-07-01,1990,7,27.38,0.086666666666666
1990-08-01,1990,8,27.07,0.21499999999999986
1990-09-01,1990,9,26.94,0.22133333333333738
1990-10-01,1990,10,26.93,0.2136666666666649
1990-11-01,1990,11,26.81,0.1073333333333295
1990-12-01,1990,12,26.95,0.3509999999999991
1991-01-01,1991,1,27.03,0.4856666666666669
1991-02-01,1991,2,27.07,0.3176666666666641
1991-03-01,1991,3,27.32,0.036999999999999034
1991-04-01,1991,4,28.01,0.19133333333333624
1991-05-01,1991,5,28.2,0.2666666666666657
1991-06-01,1991,6,28.25,0.5233333333333334
1991-07-01,1991,7,28.05,0.7566666666666677
1991-08-01,1991,8,27.53,0.6750000000000007
1991-09-01,1991,9,27.14,0.42133333333333667
1991-10-01,1991,10,27.58,0.8636666666666635
1991-11-01,1991,11,27.9,1.1973333333333294
1991-12-01,1991,12,28.29,1.690999999999999
1992-01-01,1992,1,28.38,1.8356666666666648
1992-02-01,1992,2,28.53,1.777666666666665
1992-03-01,1992,3,28.66,1.376999999999999
1992-04-01,1992,4,29.02,1.2013333333333343
1992-05-01,1992,5,28.98,1.0466666666666669
1992-06-01,1992,6,28.3,0.5733333333333341
1992-07-01,1992,7,27.51,0.21666666666666856
1992-08-01,1992,8,26.91,0.054999999999999716
1992-09-01,1992,9,26.65,-0.06866666666666532
1992-10-01,1992,10,26.42,-0.2963333333333331
1992-11-01,1992,11,26.42,-0.2826666666666675
1992-12-01,1992,12,26.44,-0.15899999999999892
1993-01-01,1993,1,26.69,0.14566666666666706
1993-02-01,1993,2,27.16,0.40766666666666396
1993-03-01,1993,3,27.67,0.38700000000000045
1993-04-01,1993,4,28.41,0.5913333333333348
1993-05-01,1993,5,28.71,0.7766666666666673
1993-06-01,1993,6,28.08,0.3533333333333317
1993-07-01,1993,7,27.52,0.22666666666666657
1993-08-01,1993,8,26.99,0.134999999999998
1993-09-01,1993,9,27.07,0.3513333333333364
1993-10-01,1993,10,26.77,0.05366666666666475
1993-11-01,1993,11,26.71,0.0073333333333316375
1993-12-01,1993,12,26.76,0.16100000000000136
1994-01-01,1994,1,26.64,0.09566666666666634
1994-02-01,1994,2,26.81,0.057666666666662536
1994-03-01,1994,3,27.39,0.10699999999999932
1994-04-01,1994,4,28.08,0.261333333333333
1994-05-01,1994,5,28.24,0.30666666666666487
1994-06-01,1994,6,28.04,0.3133333333333326
1994-07-01,1994,7,27.54,0.24666666666666615
1994-08-01,1994,8,27.38,0.5249999999999986
1994-09-01,1994,9,27.2,0.4813333333333354
1994-10-01,1994,10,27.47,0.753666666666664
1994-11-01,1994,11,27.81,1.1073333333333295
1994-12-01,1994,12,27.85,1.2510000000000012
1995-01-01,1995,1,27.57,1.025666666666666
1995-02-01,1995,2,27.49,0.7376666666666623
1995-03-01,1995,3,27.75,0.46699999999999875
1995-04-01,1995,4,28.1,0.2813333333333361
1995-05-01,1995,5,27.82,-0.11333333333333329
1995-06-01,1995,6,27.59,-0.13666666666666671
1995-07-01,1995,7,27.08,-0.2133333333333347
1995-08-01,1995,8,26.23,-0.625
1995-09-01,1995,9,25.88,-0.8386666666666649
1995-10-01,1995,10,25.84,-0.876333333333335
1995-11-01,1995,11,25.6,-1.1026666666666678
1995-12-01,1995,12,25.65,-0.9490000000000016
1996-01-01,1996,1,25.69,-0.854333333333333
1996-02-01,1996,2,25.89,-0.8623333333333356
1996-03-01,1996,3,26.67,-0.6129999999999995
1996-04-01,1996,4,27.35,-0.4686666666666639
1996-05-01,1996,5,27.55,-0.38333333333333286
1996-06-01,1996,6,27.29,-0.4366666666666674
1996-07-01,1996,7,26.85,-0.4433333333333316
1996-08-01,1996,8,26.64,-0.21499999999999986
1996-09-01,1996,9,26.27,-0.4486666666666643
1996-10-01,1996,10,26.27,-0.44633333333333525
1996-11-01,1996,11,26.29,-0.41266666666667007
1996-12-01,1996,12,25.95,-0.6490000000000009
1997-01-01,1997,1,26.01,-0.5343333333333327
1997-02-01,1997,2,26.38,-0.3723333333333372
1997-03-01,1997,3,27.04,-0.2430000000000021
1997-04-01,1997,4,27.98,0.1613333333333351
1997-05-01,1997,5,28.58,0.6466666666666647
1997-06-01,1997,6,28.82,1.0933333333333337
1997-07-01,1997,7,28.86,1.5666666666666664
1997-08-01,1997,8,28.75,1.8949999999999996
1997-09-01,1997,9,28.85,2.1313333333333375
1997-10-01,1997,10,29.08,2.3636666666666635
1997-11-01,1997,11,29.12,2.417333333333332
1997-12-01,1997,12,28.89,2.2910000000000004
1998-01-01,1998,1,28.93,2.3856666666666655
1998-02-01,1998,2,28.78,2.027666666666665
1998-03-01,1998,3,28.62,1.3369999999999997
1998-04-01,1998,4,28.6,0.7813333333333361
1998-05-01,1998,5,28.51,0.576666666666668
1998-06-01,1998,6,27.34,-0.3866666666666667
1998-07-01,1998,7,26.3,-0.9933333333333323
1998-08-01,1998,8,25.57,-1.2850000000000001
1998-09-01,1998,9,25.46,-1.258666666666663
1998-10-01,1998,10,25.25,-1.4663333333333348
1998-11-01,1998,11,25.24,-1.4626666666666708
1998-12-01,1998,12,24.91,-1.689
1999-01-01,1999,1,24.86,-1.6843333333333348
1999-02-01,1999,2,25.43,-1.3223333333333365
1999-03-01,1999,3,26.33,-0.953000000000003
1999-04-01,1999,4,26.7,-1.118666666666666
1999-05-01,1999,5,26.79,-1.1433333333333344
1999-06-01,1999,6,26.53,-1.1966666666666654
1999-07-01,1999,7,26.13,-1.163333333333334
1999-08-01,1999,8,25.63,-1.2250000000000014
1999-09-01,1999,9,25.63,-1.088666666666665
1999-10-01,1999,10,25.48,-1.2363333333333344
1999-11-01,1999,11,25.12,-1.5826666666666682
1999-12-01,1999,12,24.86,-1.7390000000000008
2000-01-01,2000,1,24.78,-1.764333333333333
2000-02-01,2000,2,25.21,-1.5423333333333353
2000-03-01,2000,3,26.3,-0.9830000000000005
2000-04-01,2000,4,26.95,-0.868666666666666
2000-05-01,2000,5,27.07,-0.8633333333333333
2000-06-01,2000,6,26.94,-0.7866666666666653
2000-07-01,2000,7,26.63,-0.663333333333334
2000-08-01,2000,8,26.37,-0.48499999999999943
2000-09-01,2000,9,26.2,-0.5186666666666646
2000-10-01,2000,10,26.02,-0.6963333333333352
2000-11-01,2000,11,25.92,-0.7826666666666675
2000-12-01,2000,12,25.68,-0.9190000000000005
2001-01-01,2001,1,25.81,-0.7343333333333355
2001-02-01,2001,2,26.12,-0.6323333333333352
2001-03-01,2001,3,26.8,-0.48300000000000054
2001-04-01,2001,4,27.33,-0.488666666666667
2001-05-01,2001,5,27.6,-0.33333333333333215
2001-06-01,2001,6,27.54,-0.18666666666666742
2001-07-01,2001,7,27.25,-0.043333333333333
2001-08-01,2001,8,26.8,-0.054999999999999716
2001-09-01,2001,9,26.52,-0.19866666666666433
2001-10-01,2001,10,26.57,-0.14633333333333454
2001-11-01,2001,11,26.33,-0.3726666666666709
2001-12-01,2001,12,26.19,-0.4089999999999989
2002-01-01,2002,1,26.39,-0.15433333333333366
2002-02-01,2002,2,26.71,-0.04233333333333533
2002-03-01,2002,3,27.29,0.006999999999997897
2002-04-01,2002,4,27.84,0.021333333333334537
2002-05-01,2002,5,28.24,0.30666666666666487
2002-06-01,2002,6,28.44,0.7133333333333347
2002-07-01,2002,7,28.03,0.7366666666666681
2002-08-01,2002,8,27.72,0.8649999999999984
2002-09-01,2002,9,27.81,1.0913333333333348
2002-10-01,2002,10,27.96,1.243666666666666
2002-11-01,2002,11,28.17,1.4673333333333325
2002-12-01,2002,12,27.97,1.3709999999999987
2003-01-01,2003,1,27.15,0.6056666666666644
2003-02-01,2003,2,27.39,0.6376666666666644
2003-03-01,2003,3,27.65,0.36699999999999733
2003-04-01,2003,4,27.68,-0.1386666666666656
2003-05-01,2003,5,27.32,-0.6133333333333333
2003-06-01,2003,6,27.44,-0.2866666666666653
2003-07-01,2003,7,27.5,0.206666666666667
2003-08-01,2003,8,27.11,0.254999999999999
2003-09-01,2003,9,26.99,0.27133333333333454
2003-10-01,2003,10,27.14,0.42366666666666575
2003-11-01,2003,11,27.04,0.33733333333332993
2003-12-01,2003,12,27.03,0.43100000000000094
2004-01-01,2004,1,26.81,0.2656666666666645
2004-02-01,2004,2,26.98,0.22766666666666424
2004-03-01,2004,3,27.4,0.11699999999999733
2004-04-01,2004,4,27.89,0.07133333333333525
2004-05-01,2004,5,28.0,0.06666666666666643
2004-06-01,2004,6,27.86,0.13333333333333286
2004-07-01,2004,7,27.78,0.48666666666666814
2004-08-01,2004,8,27.62,0.7650000000000006
2004-09-01,2004,9,27.53,0.8113333333333372
2004-10-01,2004,10,27.44,0.7236666666666665
2004-11-01,2004,11,27.36,0.6573333333333302
2004-12-01,2004,12,27.34,0.7409999999999997
2005-01-01,2005,1,27.21,0.6656666666666666
2005-02-01,2005,2,27.11,0.35766666666666325
2005-03-01,2005,3,27.73,0.4469999999999992
2005-04-01,2005,4,28.08,0.261333333333333
2005-05-01,2005,5,28.24,0.30666666666666487
2005-06-01,2005,6,27.77,0.043333333333333
2005-07-01,2005,7,27.06,-0.23333333333333428
2005-08-01,2005,8,26.8,-0.054999999999999716
2005-09-01,2005,9,26.68,-0.038666666666664185
2005-10-01,2005,10,26.65,-0.06633333333333624
2005-11-01,2005,11,26.11,-0.5926666666666698
2005-12-01,2005,12,25.68,-0.9190000000000005
2006-01-01,2006,1,25.63,-0.9143333333333352
2006-02-01,2006,2,26.08,-0.6723333333333379
2006-03-01,2006,3,26.57,-0.713000000000001
2006-04-01,2006,4,27.5,-0.3186666666666653
2006-05-01,2006,5,27.85,-0.08333333333333215
2006-06-01,2006,6,27.73,0.0033333333333338544
2006-07-01,2006,7,27.3,0.006666666666667709
2006-08-01,2006,8,27.16,0.3049999999999997
2006-09-01,2006,9,27.32,0.6013333333333364
2006-10-01,2006,10,27.41,0.6936666666666653
2006-11-01,2006,11,27.69,0.9873333333333321
2006-12-01,2006,12,27.74,1.1409999999999982
2007-01-01,2007,1,27.24,0.6956666666666642
2007-02-01,2007,2,26.88,0.12766666666666282
2007-03-01,2007,3,27.1,-0.18299999999999983
2007-04-01,2007,4,27.5,-0.3186666666666653
2007-05-01,2007,5,27.46,-0.4733333333333327
2007-06-01,2007,6,27.37,-0.3566666666666656
2007-07-01,2007,7,26.71,-0.5833333333333321
2007-08-01,2007,8,26.14,-0.7149999999999999
2007-09-01,2007,9,25.61,-1.1086666666666645
2007-10-01,2007,10,25.32,-1.3963333333333345
2007-11-01,2007,11,25.17,-1.5326666666666675
2007-12-01,2007,12,25.01,-1.5889999999999986
2008-01-01,2008,1,24.86,-1.6843333333333348
2008-02-01,2008,2,25.08,-1.672333333333338
2008-03-01,2008,3,26.07,-1.213000000000001
2008-04-01,2008,4,26.83,-0.988666666666667
2008-05-01,2008,5,27.09,-0.8433333333333337
2008-06-01,2008,6,27.04,-0.6866666666666674
2008-07-01,2008,7,26.99,-0.30333333333333456
2008-08-01,2008,8,26.72,-0.13500000000000156
2008-09-01,2008,9,26.47,-0.24866666666666504
2008-10-01,2008,10,26.37,-0.3463333333333338
2008-11-01,2008,11,26.25,-0.4526666666666692
2008-12-01,2008,12,25.74,-0.8590000000000018
2009-01-01,2009,1,25.66,-0.8843333333333341
2009-02-01,2009,2,25.96,-0.7923333333333353
2009-03-01,2009,3,26.59,-0.6930000000000014
2009-04-01,2009,4,27.47,-0.34866666666666646
2009-05-01,2009,5,27.99,0.05666666666666487
2009-06-01,2009,6,28.04,0.3133333333333326
2009-07-01,2009,7,27.78,0.48666666666666814
2009-08-01,2009,8,27.42,0.5650000000000013
2009-09-01,2009,9,27.4,0.6813333333333347
2009-10-01,2009,10,27.6,0.8836666666666666
2009-11-01,2009,11,28.16,1.457333333333331
2009-12-01,2009,12,28.34,1.7409999999999997
2010-01-01,2010,1,28.07,1.525666666666666
2010-02-01,2010,2,28.01,1.2576666666666654
2010-03-01,2010,3,28.18,0.8969999999999985
2010-04-01,2010,4,28.2,0.38133333333333397
2010-05-01,2010,5,27.71,-0.22333333333333272
2010-06-01,2010,6,27.04,-0.6866666666666674
2010-07-01,2010,7,26.22,-1.0733333333333341
2010-08-01,2010,8,25.47,-1.3850000000000016
2010-09-01,2010,9,25.12,-1.598666666666663
2010-10-01,2010,10,25.03,-1.6863333333333337
2010-11-01,2010,11,25.06,-1.6426666666666705
2010-12-01,2010,12,25.0,-1.5990000000000002
2011-01-01,2011,1,25.0,-1.5443333333333342
2011-02-01,2011,2,25.64,-1.1123333333333356
2011-03-01,2011,3,26.36,-0.9230000000000018
2011-04-01,2011,4,27.05,-0.7686666666666646
2011-05-01,2011,5,27.41,-0.5233333333333334
2011-06-01,2011,6,27.35,-0.37666666666666515
2011-07-01,2011,7,26.87,-0.423333333333332
2011-08-01,2011,8,26.21,-0.6449999999999996
2011-09-01,2011,9,25.92,-0.7986666666666622
2011-10-01,2011,10,25.67,-1.0463333333333331
2011-11-01,2011,11,25.52,-1.1826666666666696
2011-12-01,2011,12,25.54,-1.059000000000001
2012-01-01,2012,1,25.67,-0.8743333333333325
2012-02-01,2012,2,26.08,-0.6723333333333379
2012-03-01,2012,3,26.67,-0.6129999999999995
2012-04-01,2012,4,27.32,-0.49866666666666504
2012-05-01,2012,5,27.61,-0.32333333333333414
2012-06-01,2012,6,27.75,0.023333333333333428
2012-07-01,2012,7,27.54,0.24666666666666615
2012-08-01,2012,8,27.32,0.46499999999999986
2012-09-01,2012,9,27.1,0.3813333333333375
2012-10-01,2012,10,26.98,0.2636666666666656
2012-11-01,2012,11,26.86,0.15733333333333022
2012-12-01,2012,12,26.34,-0.25900000000000034
2013-01-01,2013,1,26.01,-0.5343333333333327
2013-02-01,2013,2,26.24,-0.5123333333333377
2013-03-01,2013,3,27.03,-0.2530000000000001
2013-04-01,2013,4,27.57,-0.24866666666666504
2013-05-01,2013,5,27.53,-0.40333333333333243
2013-06-01,2013,6,27.3,-0.42666666666666586
2013-07-01,2013,7,26.91,-0.38333333333333286
2013-08-01,2013,8,26.47,-0.38500000000000156
2013-09-01,2013,9,26.54,-0.17866666666666475
2013-10-01,2013,10,26.52,-0.19633333333333525
2013-11-01,2013,11,26.56,-0.1426666666666705
2013-12-01,2013,12,26.43,-0.16900000000000048
2014-01-01,2014,1,26.05,-0.4943333333333335
2014-02-01,2014,2,26.14,-0.6123333333333356
2014-03-01,2014,3,27.0,-0.28300000000000125
2014-04-01,2014,4,27.9,0.08133333333333326
2014-05-01,2014,5,28.25,0.31666666666666643
2014-06-01,2014,6,27.96,0.23333333333333428
2014-07-01,2014,7,27.23,-0.06333333333333258
2014-08-01,2014,8,26.82,-0.03500000000000014
2014-09-01,2014,9,27.01,0.29133333333333766
2014-10-01,2014,10,27.16,0.4436666666666653
2014-11-01,2014,11,27.46,0.7573333333333316
2014-12-01,2014,12,27.31,0.7109999999999985
2015-01-01,2015,1,27.05,0.5056666666666665
2015-02-01,2015,2,27.17,0.4176666666666655
2015-03-01,2015,3,27.75,0.46699999999999875
2015-04-01,2015,4,28.52,0.7013333333333343
2015-05-01,2015,5,28.85,0.9166666666666679
2015-06-01,2015,6,28.9,1.173333333333332
2015-07-01,2015,7,28.75,1.456666666666667
2015-08-01,2015,8,28.79,1.9349999999999987
2015-09-01,2015,9,28.93,2.211333333333336
2015-10-01,2015,10,29.08,2.3636666666666635
2015-11-01,2015,11,29.42,2.7173333333333325
2015-12-01,2015,12,29.26,2.6610000000000014
2016-01-01,2016,1,29.11,2.565666666666665
2016-02-01,2016,2,29.01,2.2576666666666654
2016-03-01,2016,3,28.9,1.6169999999999973
2016-04-01,2016,4,28.72,0.9013333333333335
2016-05-01,2016,5,28.23,0.29666666666666686
2016-06-01,2016,6,27.69,-0.03666666666666529
2016-07-01,2016,7,26.82,-0.4733333333333327
2016-08-01,2016,8,26.28,-0.5749999999999993
2016-09-01,2016,9,26.14,-0.5786666666666633
2016-10-01,2016,10,25.98,-0.7363333333333344
2016-11-01,2016,11,25.94,-0.7626666666666679
2016-12-01,2016,12,26.1,-0.4989999999999988
2017-01-01,2017,1,26.12,-0.42433333333333323
2017-02-01,2017,2,26.67,-0.08233333333333448
2017-03-01,2017,3,27.32,0.036999999999999034
2017-04-01,2017,4,28.03,0.21133333333333582
2017-05-01,2017,5,28.3,0.36666666666666714
2017-06-01,2017,6,28.06,0.33333333333333215
2017-07-01,2017,7,27.54,0.24666666666666615
2017-08-01,2017,8,26.7,-0.15500000000000114
2017-09-01,2017,9,26.29,-0.42866666666666475
2017-10-01,2017,10,26.15,-0.5663333333333362
2017-11-01,2017,11,25.74,-0.9626666666666708
2017-12-01,2017,12,25.62,-0.9789999999999992
2018-01-01,2018,1,25.57,-0.9743333333333339
2018-02-01,2018,2,25.97,-0.7823333333333373
2018-03-01,2018,3,26.48,-0.8030000000000008
2018-04-01,2018,4,27.31,-0.5086666666666666
2018-05-01,2018,5,27.73,-0.20333333333333314
2018-06-01,2018,6,27.77,0.043333333333333
2018-07-01,2018,7,27.42,0.1266666666666687
2018-08-01,2018,8,26.94,0.08500000000000085
2018-09-01,2018,9,27.19,0.4713333333333374
2018-10-01,2018,10,27.62,0.9036666666666662
2018-11-01,2018,11,27.61,0.9073333333333302
2018-12-01,2018,12,27.49,0.8909999999999982
2019-01-01,2019,1,27.19,0.645666666666667
2019-02-01,2019,2,27.46,0.7076666666666647
2019-03-01,2019,3,28.09,0.8069999999999986
2019-04-01,2019,4,28.44,0.621333333333336
2019-05-01,2019,5,28.48,0.5466666666666669
2019-06-01,2019,6,28.18,0.45333333333333314
2019-07-01,2019,7,27.64,0.34666666666666757
2019-08-01,2019,8,26.9,0.04499999999999815
2019-09-01,2019,9,26.75,0.0313333333333361
2019-10-01,2019,10,27.2,0.48366666666666447
2019-11-01,2019,11,27.22,0.5173333333333296
2019-12-01,2019,12,27.12,0.5210000000000008
2020-01-01,2020,1,27.15,0.6056666666666644
2020-02-01,2020,2,27.12,0.3676666666666648
2020-03-01,2020,3,27.76,0.4770000000000003
2020-04-01,2020,4,28.18,0.3613333333333344
2020-05-01,2020,5,27.66,-0.27333333333333343
2020-06-01,2020,6,27.39,-0.336666666666666
2020-07-01,2020,7,26.99,-0.30333333333333456
2020-08-01,2020,8,26.26,-0.5949999999999989
2020-09-01,2020,9,25.89,-0.8286666666666633
2020-10-01,2020,10,25.46,-1.256333333333334
2020-11-01,2020,11,25.28,-1.422666666666668
2020-12-01,2020,12,25.44,-1.158999999999999
2021-01-01,2021,1,25.55,-0.9943333333333335
2021-02-01,2021,2,25.75,-1.0023333333333362
2021-03-01,2021,3,26.48,-0.8030000000000008
2021-04-01,2021,4,27.1,-0.7186666666666639
2021-05-01,2021,5,27.47,-0.4633333333333347
2021-06-01,2021,6,27.45,-0.2766666666666673
2021-07-01,2021,7,26.9,-0.3933333333333344
2021-08-01,2021,8,26.32,-0.5350000000000001
2021-09-01,2021,9,26.17,-0.5486666666666622
2021-10-01,2021,10,25.77,-0.9463333333333352
2021-11-01,2021,11,25.76,-0.9426666666666677
2021-12-01,2021,12,25.54,-1.059000000000001
2022-01-01,2022,1,25.6,-0.9443333333333328
2022-02-01,2022,2,25.86,-0.8923333333333368
2022-03-01,2022,3,26.31,-0.9730000000000025
2022-04-01,2022,4,26.7,-1.118666666666666
2022-05-01,2022,5,26.82,-1.1133333333333333
2022-06-01,2022,6,26.98,-0.7466666666666661
2022-07-01,2022,7,26.6,-0.6933333333333316
2022-08-01,2022,8,25.88,-0.9750000000000014
2022-09-01,2022,9,25.65,-1.0686666666666653
2022-10-01,2022,10,25.73,-0.9863333333333344
2022-11-01,2022,11,25.8,-0.9026666666666685
2022-12-01,2022,12,25.75,-0.8490000000000002
2023-01-01,2023,1,25.83,-0.7143333333333359
2023-02-01,2023,2,26.29,-0.46233333333333704
2023-03-01,2023,3,27.17,-0.11299999999999955
2023-04-01,2023,4,27.96,0.14133333333333553
2023-05-01,2023,5,28.39,0.456666666666667
2023-06-01,2023,6,28.57,0.8433333333333337
2023-07-01,2023,7,28.32,1.0266666666666673
2023-08-01,2023,8,28.2,1.3449999999999989
2023-09-01,2023,9,28.32,1.6013333333333364
2023-10-01,2023,10,28.44,1.7236666666666665
2023-11-01,2023,11,28.72,2.0173333333333296
2023-12-01,2023,12,28.62,2.021000000000001
2024-01-01,2024,1,28.35,1.8056666666666672
2024-02-01,2024,2,28.27,1.5176666666666634
2024-03-01,2024,3,28.41,1.126999999999999
2024-04-01,2024,4,28.59,0.7713333333333345
2024-05-01,2024,5,28.16,0.22666666666666657
2024-06-01,2024,6,27.9,0.173333333333332
2024-07-01,2024,7,27.34,0.046666666666666856
2024-08-01,2024,8,26.73,-0.125
2024-09-01,2024,9,26.45,-0.2686666666666646
2024-10-01,2024,10,26.44,-0.27633333333333354
2024-11-01,2024,11,26.45,-0.2526666666666699
2024-12-01,2024,12,26.0,-0.5990000000000002
2025-01-01,2025,1,25.81,-0.7343333333333355
2025-02-01,2025,2,26.32,-0.4323333333333359
2025-03-01,2025,3,27.3,0.01699999999999946
2025-04-01,2025,4,27.68,-0.1386666666666656
2025-05-01,2025,5,27.8,-0.13333333333333286
2025-06-01,2025,6,27.66,-0.06666666666666643
2025-07-01,2025,7,27.24,-0.053333333333334565
